label,hyper,coin_key,tf,timestamp,open,high,low,close,volume
PENGU,PENGU-USDC,PENGU,1m,1773344580000,0.007209,0.007209,0.007209,0.007209,5329.0
PENGU,PENGU-USDC,PENGU,1m,1773344640000,0.007213,0.007213,0.007213,0.007213,226450.0
PENGU,PENGU-USDC,PENGU,1m,1773344700000,0.0072,0.007209,0.0072,0.007209,622515.0
PENGU,PENGU-USDC,PENGU,1m,1773344760000,0.00721,0.00721,0.00721,0.00721,9116.0
PENGU,PENGU-USDC,PENGU,1m,1773344820000,0.007212,0.007218,0.007212,0.007218,242636.0
PENGU,PENGU-USDC,PENGU,1m,1773344880000,0.007218,0.007218,0.007218,0.007218,0.0
PENGU,PENGU-USDC,PENGU,1m,1773344940000,0.007217,0.007217,0.007217,0.007217,3906.0
PENGU,PENGU-USDC,PENGU,1m,1773345000000,0.007215,0.007232,0.007215,0.007231,339747.0
PENGU,PENGU-USDC,PENGU,1m,1773345060000,0.00723,0.00723,0.00723,0.00723,2445.0
PENGU,PENGU-USDC,PENGU,1m,1773345120000,0.007233,0.007233,0.007233,0.007233,8340.0
PENGU,PENGU-USDC,PENGU,1m,1773345180000,0.00723,0.00723,0.00723,0.00723,2128.0
PENGU,PENGU-USDC,PENGU,1m,1773345240000,0.007232,0.00724,0.007232,0.00724,1140007.0
PENGU,PENGU-USDC,PENGU,1m,1773345300000,0.007237,0.007249,0.007237,0.007242,1169946.0
PENGU,PENGU-USDC,PENGU,1m,1773345360000,0.007238,0.007238,0.007238,0.007238,2578.0
PENGU,PENGU-USDC,PENGU,1m,1773345420000,0.00723,0.00723,0.00723,0.00723,2769.0
PENGU,PENGU-USDC,PENGU,1m,1773345480000,0.00723,0.00723,0.00723,0.00723,0.0
PENGU,PENGU-USDC,PENGU,1m,1773345540000,0.007228,0.007228,0.007228,0.007228,5739.0
PENGU,PENGU-USDC,PENGU,1m,1773345600000,0.00722,0.007221,0.007218,0.007218,137075.0
PENGU,PENGU-USDC,PENGU,1m,1773345660000,0.007212,0.007214,0.007212,0.007214,2912.0
PENGU,PENGU-USDC,PENGU,1m,1773345720000,0.007214,0.007214,0.007214,0.007214,2751.0
PENGU,PENGU-USDC,PENGU,1m,1773345780000,0.007224,0.007224,0.007224,0.007224,3658.0
PENGU,PENGU-USDC,PENGU,1m,1773345840000,0.007221,0.00724,0.007221,0.00724,29321.0
PENGU,PENGU-USDC,PENGU,1m,1773345900000,0.007234,0.00725,0.007234,0.00725,2969.0
PENGU,PENGU-USDC,PENGU,1m,1773345960000,0.007225,0.007226,0.007223,0.007226,913157.0
PENGU,PENGU-USDC,PENGU,1m,1773346020000,0.00722,0.00722,0.007219,0.007219,2978.0
PENGU,PENGU-USDC,PENGU,1m,1773346080000,0.007221,0.007221,0.007219,0.007221,349252.0
PENGU,PENGU-USDC,PENGU,1m,1773346140000,0.007225,0.007225,0.007225,0.007225,111912.0
PENGU,PENGU-USDC,PENGU,1m,1773346200000,0.007233,0.007233,0.007214,0.007216,265283.0
PENGU,PENGU-USDC,PENGU,1m,1773346260000,0.007216,0.007216,0.00721,0.00721,166424.0
PENGU,PENGU-USDC,PENGU,1m,1773346320000,0.00721,0.00721,0.00721,0.00721,0.0
PENGU,PENGU-USDC,PENGU,1m,1773346380000,0.007202,0.007203,0.007198,0.007201,3674117.0
PENGU,PENGU-USDC,PENGU,1m,1773346440000,0.007201,0.007201,0.007201,0.007201,0.0
PENGU,PENGU-USDC,PENGU,1m,1773346500000,0.007194,0.007198,0.00719,0.00719,285692.0
PENGU,PENGU-USDC,PENGU,1m,1773346560000,0.007184,0.007184,0.007179,0.007179,432671.0
PENGU,PENGU-USDC,PENGU,1m,1773346620000,0.007181,0.007181,0.007174,0.007179,445582.0
PENGU,PENGU-USDC,PENGU,1m,1773346680000,0.007172,0.007172,0.00717,0.00717,199448.0
PENGU,PENGU-USDC,PENGU,1m,1773346740000,0.007169,0.007169,0.007169,0.007169,5648.0
PENGU,PENGU-USDC,PENGU,1m,1773346800000,0.007166,0.007166,0.007166,0.007166,279094.0
PENGU,PENGU-USDC,PENGU,1m,1773346860000,0.007163,0.007167,0.007163,0.007167,5273.0
PENGU,PENGU-USDC,PENGU,1m,1773346920000,0.007177,0.007177,0.007177,0.007177,3500.0
PENGU,PENGU-USDC,PENGU,1m,1773346980000,0.007177,0.007177,0.007177,0.007177,0.0
PENGU,PENGU-USDC,PENGU,1m,1773347040000,0.007174,0.007174,0.007174,0.007174,2864.0
PENGU,PENGU-USDC,PENGU,1m,1773347100000,0.00718,0.007182,0.00718,0.007182,5003.0
PENGU,PENGU-USDC,PENGU,1m,1773347160000,0.007177,0.007177,0.007174,0.007174,80468.0
PENGU,PENGU-USDC,PENGU,1m,1773347220000,0.00717,0.00717,0.00717,0.00717,3564.0
PENGU,PENGU-USDC,PENGU,1m,1773347280000,0.007167,0.007167,0.007167,0.007167,84041.0
PENGU,PENGU-USDC,PENGU,1m,1773347340000,0.007165,0.007165,0.007165,0.007165,2489.0
PENGU,PENGU-USDC,PENGU,1m,1773347400000,0.00716,0.00716,0.00715,0.00715,3076.0
PENGU,PENGU-USDC,PENGU,1m,1773347460000,0.007151,0.007151,0.007143,0.007143,5465.0
PENGU,PENGU-USDC,PENGU,1m,1773347520000,0.007143,0.007143,0.007143,0.007143,0.0
PENGU,PENGU-USDC,PENGU,1m,1773347580000,0.00715,0.00715,0.007147,0.007148,618752.0
PENGU,PENGU-USDC,PENGU,1m,1773347640000,0.007155,0.007155,0.007155,0.007155,494108.0
PENGU,PENGU-USDC,PENGU,1m,1773347700000,0.007153,0.007153,0.007153,0.007153,130650.0
PENGU,PENGU-USDC,PENGU,1m,1773347760000,0.007154,0.007154,0.007154,0.007154,7891.0
PENGU,PENGU-USDC,PENGU,1m,1773347820000,0.007152,0.007152,0.007152,0.007152,339260.0
PENGU,PENGU-USDC,PENGU,1m,1773347880000,0.007155,0.007155,0.007155,0.007155,4592.0
PENGU,PENGU-USDC,PENGU,1m,1773347940000,0.007148,0.007148,0.007148,0.007148,6217.0
PENGU,PENGU-USDC,PENGU,1m,1773348000000,0.007154,0.007154,0.007154,0.007154,2454.0
PENGU,PENGU-USDC,PENGU,1m,1773348060000,0.007151,0.007155,0.007151,0.007154,19348.0
PENGU,PENGU-USDC,PENGU,1m,1773348120000,0.007155,0.007155,0.007151,0.007151,144739.0
PENGU,PENGU-USDC,PENGU,1m,1773348180000,0.007152,0.007152,0.007152,0.007152,2486.0
PENGU,PENGU-USDC,PENGU,1m,1773348240000,0.007152,0.007152,0.007152,0.007152,0.0
PENGU,PENGU-USDC,PENGU,1m,1773348300000,0.007155,0.007155,0.007155,0.007155,5325.0
PENGU,PENGU-USDC,PENGU,1m,1773348360000,0.007153,0.007153,0.007153,0.007153,5868.0
PENGU,PENGU-USDC,PENGU,1m,1773348420000,0.007156,0.007156,0.007156,0.007156,2306.0
PENGU,PENGU-USDC,PENGU,1m,1773348480000,0.007156,0.007156,0.007154,0.007154,4315.0
PENGU,PENGU-USDC,PENGU,1m,1773348540000,0.007154,0.007154,0.007154,0.007154,0.0
PENGU,PENGU-USDC,PENGU,1m,1773348600000,0.007158,0.007159,0.007158,0.007159,5055.0
PENGU,PENGU-USDC,PENGU,1m,1773348660000,0.007155,0.00716,0.007155,0.00716,9560.0
PENGU,PENGU-USDC,PENGU,1m,1773348720000,0.007154,0.007154,0.007154,0.007154,2463.0
PENGU,PENGU-USDC,PENGU,1m,1773348780000,0.007154,0.007154,0.007154,0.007154,1538.0
PENGU,PENGU-USDC,PENGU,1m,1773348840000,0.00714,0.00714,0.00714,0.00714,1541.0
PENGU,PENGU-USDC,PENGU,1m,1773348900000,0.00714,0.00714,0.007136,0.007136,11615.0
PENGU,PENGU-USDC,PENGU,1m,1773348960000,0.007136,0.007136,0.007136,0.007136,0.0
PENGU,PENGU-USDC,PENGU,1m,1773349020000,0.007142,0.007142,0.007142,0.007142,2695.0
PENGU,PENGU-USDC,PENGU,1m,1773349080000,0.007143,0.007143,0.007143,0.007143,2277.0
PENGU,PENGU-USDC,PENGU,1m,1773349140000,0.007137,0.007137,0.007137,0.007137,7370.0
PENGU,PENGU-USDC,PENGU,1m,1773349200000,0.00714,0.007148,0.00714,0.007148,9485.0
PENGU,PENGU-USDC,PENGU,1m,1773349260000,0.00715,0.007155,0.007147,0.007151,32124.0
PENGU,PENGU-USDC,PENGU,1m,1773349320000,0.007154,0.007154,0.007154,0.007154,2471.0
PENGU,PENGU-USDC,PENGU,1m,1773349380000,0.007154,0.007154,0.007154,0.007154,0.0
PENGU,PENGU-USDC,PENGU,1m,1773349440000,0.007154,0.007154,0.007154,0.007154,2401.0
PENGU,PENGU-USDC,PENGU,1m,1773349500000,0.007156,0.007156,0.007154,0.007154,5226.0
PENGU,PENGU-USDC,PENGU,1m,1773349560000,0.007156,0.007157,0.007156,0.007157,5183.0
PENGU,PENGU-USDC,PENGU,1m,1773349620000,0.007156,0.007156,0.007156,0.007156,7023.0
PENGU,PENGU-USDC,PENGU,1m,1773349680000,0.007154,0.007154,0.007151,0.007151,8207.0
PENGU,PENGU-USDC,PENGU,1m,1773349740000,0.00715,0.007151,0.00715,0.007151,8538.0
PENGU,PENGU-USDC,PENGU,1m,1773349800000,0.007157,0.007157,0.007157,0.007157,2403.0
PENGU,PENGU-USDC,PENGU,1m,1773349860000,0.007146,0.007152,0.007146,0.007152,20128.0
PENGU,PENGU-USDC,PENGU,1m,1773349920000,0.007151,0.007153,0.007148,0.007153,11321.0
PENGU,PENGU-USDC,PENGU,1m,1773349980000,0.007156,0.007161,0.007156,0.007157,31267.0
PENGU,PENGU-USDC,PENGU,1m,1773350040000,0.007149,0.007149,0.007149,0.007149,2491.0
PENGU,PENGU-USDC,PENGU,1m,1773350100000,0.007153,0.007154,0.007153,0.007154,5781.0
PENGU,PENGU-USDC,PENGU,1m,1773350160000,0.007156,0.007156,0.007156,0.007156,2867.0
PENGU,PENGU-USDC,PENGU,1m,1773350220000,0.007153,0.007153,0.007153,0.007153,2502.0
PENGU,PENGU-USDC,PENGU,1m,1773350280000,0.007152,0.007152,0.007152,0.007152,2542.0
PENGU,PENGU-USDC,PENGU,1m,1773350340000,0.007155,0.007156,0.007155,0.007156,237630.0
PENGU,PENGU-USDC,PENGU,1m,1773350400000,0.007154,0.007154,0.007154,0.007154,5279.0
PENGU,PENGU-USDC,PENGU,1m,1773350460000,0.00715,0.00715,0.00715,0.00715,2271.0
PENGU,PENGU-USDC,PENGU,1m,1773350520000,0.007149,0.007149,0.007149,0.007149,2597.0
PENGU,PENGU-USDC,PENGU,1m,1773350580000,0.007147,0.007147,0.007147,0.007147,2579.0
PENGU,PENGU-USDC,PENGU,1m,1773350640000,0.007154,0.007154,0.007154,0.007154,2404.0
PENGU,PENGU-USDC,PENGU,1m,1773350700000,0.007146,0.007146,0.007146,0.007146,2771.0
PENGU,PENGU-USDC,PENGU,1m,1773350760000,0.007146,0.007146,0.007142,0.007142,4593.0
PENGU,PENGU-USDC,PENGU,1m,1773350820000,0.007148,0.007148,0.007148,0.007148,2689.0
PENGU,PENGU-USDC,PENGU,1m,1773350880000,0.00715,0.00715,0.00715,0.00715,2596.0
PENGU,PENGU-USDC,PENGU,1m,1773350940000,0.00715,0.00715,0.00715,0.00715,0.0
PENGU,PENGU-USDC,PENGU,1m,1773351000000,0.007154,0.007157,0.007154,0.007155,10633.0
PENGU,PENGU-USDC,PENGU,1m,1773351060000,0.007146,0.00715,0.007146,0.00715,40050.0
PENGU,PENGU-USDC,PENGU,1m,1773351120000,0.00715,0.00715,0.00715,0.00715,0.0
PENGU,PENGU-USDC,PENGU,1m,1773351180000,0.007148,0.007153,0.007148,0.007153,10424.0
PENGU,PENGU-USDC,PENGU,1m,1773351240000,0.007153,0.007153,0.007153,0.007153,62600.0
PENGU,PENGU-USDC,PENGU,1m,1773351300000,0.007153,0.007153,0.007153,0.007153,0.0
PENGU,PENGU-USDC,PENGU,1m,1773351360000,0.007153,0.007153,0.007153,0.007153,0.0
PENGU,PENGU-USDC,PENGU,1m,1773351420000,0.007156,0.007156,0.007156,0.007156,2760.0
PENGU,PENGU-USDC,PENGU,1m,1773351480000,0.007156,0.007156,0.007156,0.007156,0.0
PENGU,PENGU-USDC,PENGU,1m,1773351540000,0.007153,0.007156,0.007153,0.007156,4788.0
PENGU,PENGU-USDC,PENGU,1m,1773351600000,0.007153,0.007153,0.007153,0.007153,2322.0
PENGU,PENGU-USDC,PENGU,1m,1773351660000,0.007159,0.007159,0.007155,0.007155,4651.0
PENGU,PENGU-USDC,PENGU,1m,1773351720000,0.007155,0.007155,0.007155,0.007155,0.0
PENGU,PENGU-USDC,PENGU,1m,1773351780000,0.007155,0.007157,0.007153,0.007153,10474.0
PENGU,PENGU-USDC,PENGU,1m,1773351840000,0.007153,0.007153,0.007153,0.007153,0.0
PENGU,PENGU-USDC,PENGU,1m,1773351900000,0.007156,0.007157,0.007156,0.007157,7585.0
PENGU,PENGU-USDC,PENGU,1m,1773351960000,0.007159,0.00716,0.007159,0.00716,233964.0
PENGU,PENGU-USDC,PENGU,1m,1773352020000,0.007166,0.007166,0.007166,0.007166,6854.0
PENGU,PENGU-USDC,PENGU,1m,1773352080000,0.007167,0.007171,0.007166,0.007167,918235.0
PENGU,PENGU-USDC,PENGU,1m,1773352140000,0.007167,0.007167,0.007167,0.007167,0.0
PENGU,PENGU-USDC,PENGU,1m,1773352200000,0.00718,0.007192,0.00718,0.00719,131141.0
PENGU,PENGU-USDC,PENGU,1m,1773352260000,0.007192,0.007192,0.007192,0.007192,37356.0
PENGU,PENGU-USDC,PENGU,1m,1773352320000,0.007191,0.007191,0.007184,0.007184,16055.0
PENGU,PENGU-USDC,PENGU,1m,1773352380000,0.007185,0.007185,0.007183,0.007183,288967.0
PENGU,PENGU-USDC,PENGU,1m,1773352440000,0.007183,0.007183,0.007183,0.007183,0.0
PENGU,PENGU-USDC,PENGU,1m,1773352500000,0.007197,0.007197,0.007195,0.007195,6862.0
PENGU,PENGU-USDC,PENGU,1m,1773352560000,0.007195,0.007206,0.007193,0.007202,603127.0
PENGU,PENGU-USDC,PENGU,1m,1773352620000,0.007205,0.007205,0.007205,0.007205,38619.0
PENGU,PENGU-USDC,PENGU,1m,1773352680000,0.00721,0.00721,0.00721,0.00721,1526.0
PENGU,PENGU-USDC,PENGU,1m,1773352740000,0.00722,0.007224,0.007213,0.007213,101076.0
PENGU,PENGU-USDC,PENGU,1m,1773352800000,0.007208,0.00723,0.007208,0.00723,12418.0
PENGU,PENGU-USDC,PENGU,1m,1773352860000,0.007234,0.007234,0.007234,0.007234,7156.0
PENGU,PENGU-USDC,PENGU,1m,1773352920000,0.007234,0.007234,0.007222,0.007228,1114941.0
PENGU,PENGU-USDC,PENGU,1m,1773352980000,0.007231,0.007231,0.007231,0.007231,13300.0
PENGU,PENGU-USDC,PENGU,1m,1773353040000,0.007231,0.007231,0.007231,0.007231,0.0
PENGU,PENGU-USDC,PENGU,1m,1773353100000,0.007229,0.007234,0.007229,0.007232,45976.0
PENGU,PENGU-USDC,PENGU,1m,1773353160000,0.007228,0.007228,0.007214,0.007214,190047.0
PENGU,PENGU-USDC,PENGU,1m,1773353220000,0.007219,0.007225,0.007219,0.00722,114367.0
PENGU,PENGU-USDC,PENGU,1m,1773353280000,0.00723,0.00723,0.00723,0.00723,2609.0
PENGU,PENGU-USDC,PENGU,1m,1773353340000,0.007228,0.007228,0.007228,0.007228,54306.0
PENGU,PENGU-USDC,PENGU,1m,1773353400000,0.007229,0.007229,0.007215,0.007215,80644.0
PENGU,PENGU-USDC,PENGU,1m,1773353460000,0.007225,0.007225,0.007221,0.007221,4889.0
PENGU,PENGU-USDC,PENGU,1m,1773353520000,0.007229,0.007229,0.007226,0.007226,7281.0
PENGU,PENGU-USDC,PENGU,1m,1773353580000,0.007231,0.007232,0.007231,0.007232,6565.0
PENGU,PENGU-USDC,PENGU,1m,1773353640000,0.007228,0.007228,0.007228,0.007228,2402.0
PENGU,PENGU-USDC,PENGU,1m,1773353700000,0.007222,0.007222,0.007222,0.007222,58113.0
PENGU,PENGU-USDC,PENGU,1m,1773353760000,0.007219,0.007219,0.007212,0.007212,109071.0
PENGU,PENGU-USDC,PENGU,1m,1773353820000,0.007212,0.007212,0.007212,0.007212,2187.0
PENGU,PENGU-USDC,PENGU,1m,1773353880000,0.007213,0.007213,0.007213,0.007213,5125.0
PENGU,PENGU-USDC,PENGU,1m,1773353940000,0.007213,0.007213,0.007213,0.007213,2734.0
PENGU,PENGU-USDC,PENGU,1m,1773354000000,0.00721,0.00721,0.00721,0.00721,28442.0
PENGU,PENGU-USDC,PENGU,1m,1773354060000,0.007204,0.007204,0.007204,0.007204,2514.0
PENGU,PENGU-USDC,PENGU,1m,1773354120000,0.007206,0.007206,0.007203,0.007203,126503.0
PENGU,PENGU-USDC,PENGU,1m,1773354180000,0.007203,0.007204,0.007202,0.007202,12575.0
PENGU,PENGU-USDC,PENGU,1m,1773354240000,0.007201,0.007201,0.0072,0.0072,106014.0
PENGU,PENGU-USDC,PENGU,1m,1773354300000,0.00722,0.00722,0.007216,0.007218,50280.0
PENGU,PENGU-USDC,PENGU,1m,1773354360000,0.007212,0.007214,0.00721,0.007214,173962.0
PENGU,PENGU-USDC,PENGU,1m,1773354420000,0.007214,0.007214,0.007214,0.007214,0.0
PENGU,PENGU-USDC,PENGU,1m,1773354480000,0.007206,0.007206,0.0072,0.007203,301485.0
PENGU,PENGU-USDC,PENGU,1m,1773354540000,0.007203,0.007203,0.007203,0.007203,0.0
PENGU,PENGU-USDC,PENGU,1m,1773354600000,0.007204,0.007208,0.007204,0.007208,5215.0
PENGU,PENGU-USDC,PENGU,1m,1773354660000,0.007203,0.007203,0.007203,0.007203,2846.0
PENGU,PENGU-USDC,PENGU,1m,1773354720000,0.007202,0.007203,0.007197,0.007197,230684.0
PENGU,PENGU-USDC,PENGU,1m,1773354780000,0.007196,0.007196,0.007196,0.007196,8777.0
PENGU,PENGU-USDC,PENGU,1m,1773354840000,0.007193,0.007193,0.007186,0.007186,431005.0
PENGU,PENGU-USDC,PENGU,1m,1773354900000,0.007186,0.007186,0.007186,0.007186,3355.0
PENGU,PENGU-USDC,PENGU,1m,1773354960000,0.00719,0.00719,0.00719,0.00719,7136.0
PENGU,PENGU-USDC,PENGU,1m,1773355020000,0.007199,0.007199,0.007199,0.007199,2427.0
PENGU,PENGU-USDC,PENGU,1m,1773355080000,0.0072,0.007201,0.007199,0.007199,128302.0
PENGU,PENGU-USDC,PENGU,1m,1773355140000,0.007199,0.007203,0.007198,0.007198,10886.0
PENGU,PENGU-USDC,PENGU,1m,1773355200000,0.007192,0.007192,0.007188,0.007192,222417.0
PENGU,PENGU-USDC,PENGU,1m,1773355260000,0.007194,0.007194,0.007194,0.007194,4330.0
PENGU,PENGU-USDC,PENGU,1m,1773355320000,0.007192,0.007194,0.007192,0.007194,4970.0
PENGU,PENGU-USDC,PENGU,1m,1773355380000,0.007195,0.007195,0.007195,0.007195,4845.0
PENGU,PENGU-USDC,PENGU,1m,1773355440000,0.007192,0.007192,0.007192,0.007192,25002.0
PENGU,PENGU-USDC,PENGU,1m,1773355500000,0.00719,0.00719,0.00719,0.00719,2360.0
PENGU,PENGU-USDC,PENGU,1m,1773355560000,0.007188,0.007191,0.007185,0.007185,15970.0
PENGU,PENGU-USDC,PENGU,1m,1773355620000,0.007185,0.007185,0.007185,0.007185,38353.0
PENGU,PENGU-USDC,PENGU,1m,1773355680000,0.007185,0.007185,0.007185,0.007185,0.0
PENGU,PENGU-USDC,PENGU,1m,1773355740000,0.00718,0.00718,0.00717,0.00717,136727.0
PENGU,PENGU-USDC,PENGU,1m,1773355800000,0.00717,0.00717,0.00717,0.00717,0.0
PENGU,PENGU-USDC,PENGU,1m,1773355860000,0.007171,0.007171,0.00717,0.00717,24307.0
PENGU,PENGU-USDC,PENGU,1m,1773355920000,0.007165,0.007165,0.007165,0.007165,7270.0
PENGU,PENGU-USDC,PENGU,1m,1773355980000,0.007169,0.007169,0.007163,0.007163,6383.0
PENGU,PENGU-USDC,PENGU,1m,1773356040000,0.007161,0.007161,0.00716,0.00716,11041.0
PENGU,PENGU-USDC,PENGU,1m,1773356100000,0.00718,0.007182,0.00718,0.007182,17131.0
PENGU,PENGU-USDC,PENGU,1m,1773356160000,0.007178,0.007178,0.007178,0.007178,5792.0
PENGU,PENGU-USDC,PENGU,1m,1773356220000,0.007176,0.007176,0.007176,0.007176,4990.0
PENGU,PENGU-USDC,PENGU,1m,1773356280000,0.007173,0.007173,0.007173,0.007173,3290.0
PENGU,PENGU-USDC,PENGU,1m,1773356340000,0.007175,0.007193,0.007174,0.007193,593588.0
PENGU,PENGU-USDC,PENGU,1m,1773356400000,0.007193,0.00721,0.007193,0.0072,815114.0
PENGU,PENGU-USDC,PENGU,1m,1773356460000,0.007203,0.00722,0.007203,0.007217,143406.0
PENGU,PENGU-USDC,PENGU,1m,1773356520000,0.007217,0.007217,0.007217,0.007217,0.0
PENGU,PENGU-USDC,PENGU,1m,1773356580000,0.007224,0.007233,0.007224,0.007233,153920.0
PENGU,PENGU-USDC,PENGU,1m,1773356640000,0.00724,0.00729,0.00724,0.007279,5421671.0
PENGU,PENGU-USDC,PENGU,1m,1773356700000,0.007275,0.007276,0.007246,0.007252,449192.0
PENGU,PENGU-USDC,PENGU,1m,1773356760000,0.007249,0.00726,0.007248,0.00726,70272.0
PENGU,PENGU-USDC,PENGU,1m,1773356820000,0.007264,0.007264,0.007257,0.00726,10804.0
PENGU,PENGU-USDC,PENGU,1m,1773356880000,0.007259,0.007259,0.007252,0.007252,51755.0
PENGU,PENGU-USDC,PENGU,1m,1773356940000,0.007247,0.00725,0.007244,0.00725,20917.0
PENGU,PENGU-USDC,PENGU,1m,1773357000000,0.007244,0.007245,0.00724,0.00724,1544092.0
PENGU,PENGU-USDC,PENGU,1m,1773357060000,0.007247,0.007252,0.007245,0.007245,46353.0
PENGU,PENGU-USDC,PENGU,1m,1773357120000,0.007251,0.007251,0.007251,0.007251,1448.0
PENGU,PENGU-USDC,PENGU,1m,1773357180000,0.007246,0.007252,0.007246,0.007251,16373.0
PENGU,PENGU-USDC,PENGU,1m,1773357240000,0.007256,0.007256,0.007248,0.007248,172203.0
PENGU,PENGU-USDC,PENGU,1m,1773357300000,0.007245,0.007245,0.007243,0.007243,8989.0
PENGU,PENGU-USDC,PENGU,1m,1773357360000,0.007239,0.007239,0.007233,0.007237,31058.0
PENGU,PENGU-USDC,PENGU,1m,1773357420000,0.007231,0.007231,0.007231,0.007231,19515.0
PENGU,PENGU-USDC,PENGU,1m,1773357480000,0.00723,0.00723,0.007226,0.007226,8616.0
PENGU,PENGU-USDC,PENGU,1m,1773357540000,0.007233,0.007233,0.007231,0.007231,133163.0
PENGU,PENGU-USDC,PENGU,1m,1773357600000,0.007236,0.007236,0.007236,0.007236,2629.0
PENGU,PENGU-USDC,PENGU,1m,1773357660000,0.007248,0.007248,0.007244,0.007244,4874.0
PENGU,PENGU-USDC,PENGU,1m,1773357720000,0.007247,0.00725,0.007247,0.007249,40557.0
PENGU,PENGU-USDC,PENGU,1m,1773357780000,0.007242,0.007242,0.007226,0.007226,140430.0
PENGU,PENGU-USDC,PENGU,1m,1773357840000,0.00722,0.00722,0.007216,0.007216,8899.0
PENGU,PENGU-USDC,PENGU,1m,1773357900000,0.007221,0.00723,0.007221,0.00723,11127.0
PENGU,PENGU-USDC,PENGU,1m,1773357960000,0.007228,0.007228,0.007223,0.007223,22812.0
PENGU,PENGU-USDC,PENGU,1m,1773358020000,0.007223,0.007223,0.007218,0.007218,196705.0
PENGU,PENGU-USDC,PENGU,1m,1773358080000,0.007213,0.007213,0.007213,0.007213,2629.0
PENGU,PENGU-USDC,PENGU,1m,1773358140000,0.007219,0.007219,0.007217,0.007217,6392.0
PENGU,PENGU-USDC,PENGU,1m,1773358200000,0.007213,0.007216,0.007213,0.007216,27437.0
PENGU,PENGU-USDC,PENGU,1m,1773358260000,0.007211,0.007211,0.0072,0.007208,521065.0
PENGU,PENGU-USDC,PENGU,1m,1773358320000,0.007215,0.007215,0.007212,0.007212,369262.0
PENGU,PENGU-USDC,PENGU,1m,1773358380000,0.007213,0.007215,0.007213,0.007214,305401.0
PENGU,PENGU-USDC,PENGU,1m,1773358440000,0.007212,0.007214,0.007211,0.007214,180770.0
PENGU,PENGU-USDC,PENGU,1m,1773358500000,0.007213,0.007213,0.007212,0.007212,128701.0
PENGU,PENGU-USDC,PENGU,1m,1773358560000,0.007212,0.007212,0.007212,0.007212,0.0
PENGU,PENGU-USDC,PENGU,1m,1773358620000,0.007216,0.007216,0.007216,0.007216,2289.0
PENGU,PENGU-USDC,PENGU,1m,1773358680000,0.00722,0.007221,0.00722,0.007221,174587.0
PENGU,PENGU-USDC,PENGU,1m,1773358740000,0.007225,0.007228,0.007225,0.007225,10960.0
PENGU,PENGU-USDC,PENGU,1m,1773358800000,0.00723,0.00723,0.00723,0.00723,1522.0
PENGU,PENGU-USDC,PENGU,1m,1773358860000,0.007229,0.007235,0.007229,0.00723,312829.0
PENGU,PENGU-USDC,PENGU,1m,1773358920000,0.007237,0.007237,0.007237,0.007237,16118.0
PENGU,PENGU-USDC,PENGU,1m,1773358980000,0.007239,0.00724,0.007239,0.00724,77651.0
PENGU,PENGU-USDC,PENGU,1m,1773359040000,0.007241,0.007241,0.007241,0.007241,2287.0
PENGU,PENGU-USDC,PENGU,1m,1773359100000,0.00725,0.00725,0.00724,0.00724,61208.0
PENGU,PENGU-USDC,PENGU,1m,1773359160000,0.007238,0.007238,0.007223,0.007223,90442.0
PENGU,PENGU-USDC,PENGU,1m,1773359220000,0.00723,0.00723,0.00723,0.00723,16118.0
PENGU,PENGU-USDC,PENGU,1m,1773359280000,0.007234,0.007236,0.007234,0.007234,8085.0
PENGU,PENGU-USDC,PENGU,1m,1773359340000,0.007232,0.007235,0.007232,0.007235,17545.0
PENGU,PENGU-USDC,PENGU,1m,1773359400000,0.007238,0.007242,0.007237,0.007241,206728.0
PENGU,PENGU-USDC,PENGU,1m,1773359460000,0.007237,0.007237,0.007231,0.007231,48952.0
PENGU,PENGU-USDC,PENGU,1m,1773359520000,0.007231,0.007231,0.007231,0.007231,0.0
PENGU,PENGU-USDC,PENGU,1m,1773359580000,0.007232,0.007236,0.007232,0.007236,6465.0
PENGU,PENGU-USDC,PENGU,1m,1773359640000,0.007233,0.007233,0.007226,0.007226,126029.0
PENGU,PENGU-USDC,PENGU,1m,1773359700000,0.007226,0.007226,0.007216,0.007216,101240.0
PENGU,PENGU-USDC,PENGU,1m,1773359760000,0.007211,0.007211,0.00721,0.00721,5085.0
PENGU,PENGU-USDC,PENGU,1m,1773359820000,0.007203,0.007203,0.007203,0.007203,2121.0
PENGU,PENGU-USDC,PENGU,1m,1773359880000,0.007208,0.007208,0.007206,0.007206,224106.0
PENGU,PENGU-USDC,PENGU,1m,1773359940000,0.007205,0.007211,0.007205,0.007211,121489.0
PENGU,PENGU-USDC,PENGU,1m,1773360000000,0.007215,0.007225,0.007215,0.007218,2081399.0
PENGU,PENGU-USDC,PENGU,1m,1773360060000,0.007218,0.007218,0.007199,0.007199,649543.0
PENGU,PENGU-USDC,PENGU,1m,1773360120000,0.007196,0.007196,0.007192,0.007195,65413.0
PENGU,PENGU-USDC,PENGU,1m,1773360180000,0.0072,0.0072,0.007197,0.007197,56648.0
PENGU,PENGU-USDC,PENGU,1m,1773360240000,0.007196,0.007197,0.007196,0.007197,56648.0
PENGU,PENGU-USDC,PENGU,1m,1773360300000,0.007197,0.007197,0.007197,0.007197,28324.0
PENGU,PENGU-USDC,PENGU,1m,1773360360000,0.007198,0.007198,0.007198,0.007198,77104.0
PENGU,PENGU-USDC,PENGU,1m,1773360420000,0.007197,0.007197,0.007197,0.007197,22471.0
PENGU,PENGU-USDC,PENGU,1m,1773360480000,0.007209,0.007209,0.007197,0.007197,79117.0
PENGU,PENGU-USDC,PENGU,1m,1773360540000,0.007204,0.007204,0.007204,0.007204,7987.0
PENGU,PENGU-USDC,PENGU,1m,1773360600000,0.007208,0.007219,0.007205,0.007219,273753.0
PENGU,PENGU-USDC,PENGU,1m,1773360660000,0.00722,0.007222,0.007218,0.007222,244407.0
PENGU,PENGU-USDC,PENGU,1m,1773360720000,0.007222,0.007241,0.007221,0.007241,514057.0
PENGU,PENGU-USDC,PENGU,1m,1773360780000,0.007246,0.007262,0.007246,0.007259,799965.0
PENGU,PENGU-USDC,PENGU,1m,1773360840000,0.007256,0.007263,0.007256,0.007263,168746.0
PENGU,PENGU-USDC,PENGU,1m,1773360900000,0.00727,0.007329,0.00727,0.007313,2772819.0
PENGU,PENGU-USDC,PENGU,1m,1773360960000,0.00733,0.00735,0.007326,0.00735,1577855.0
PENGU,PENGU-USDC,PENGU,1m,1773361020000,0.007354,0.00737,0.007336,0.007336,304746.0
PENGU,PENGU-USDC,PENGU,1m,1773361080000,0.007341,0.007342,0.007312,0.007318,398033.0
PENGU,PENGU-USDC,PENGU,1m,1773361140000,0.007318,0.007318,0.007306,0.007312,127179.0
PENGU,PENGU-USDC,PENGU,1m,1773361200000,0.007313,0.00733,0.007304,0.00733,1211549.0
PENGU,PENGU-USDC,PENGU,1m,1773361260000,0.007326,0.00738,0.007326,0.007373,578637.0
PENGU,PENGU-USDC,PENGU,1m,1773361320000,0.007369,0.007396,0.007369,0.007387,671080.0
PENGU,PENGU-USDC,PENGU,1m,1773361380000,0.007403,0.007416,0.007392,0.007392,1110643.0
PENGU,PENGU-USDC,PENGU,1m,1773361440000,0.007381,0.007391,0.00738,0.007391,68205.0
PENGU,PENGU-USDC,PENGU,1m,1773361500000,0.007392,0.007392,0.00739,0.00739,4027.0
PENGU,PENGU-USDC,PENGU,1m,1773361560000,0.007404,0.007408,0.007394,0.007408,44158.0
PENGU,PENGU-USDC,PENGU,1m,1773361620000,0.007403,0.007403,0.007381,0.007386,109447.0
PENGU,PENGU-USDC,PENGU,1m,1773361680000,0.007382,0.007382,0.00737,0.007374,137939.0
PENGU,PENGU-USDC,PENGU,1m,1773361740000,0.007374,0.00739,0.007374,0.00739,57964.0
PENGU,PENGU-USDC,PENGU,1m,1773361800000,0.007402,0.007432,0.007402,0.007421,1179025.0
PENGU,PENGU-USDC,PENGU,1m,1773361860000,0.007436,0.007464,0.007435,0.007464,333641.0
PENGU,PENGU-USDC,PENGU,1m,1773361920000,0.007457,0.007457,0.007442,0.007442,15937.0
PENGU,PENGU-USDC,PENGU,1m,1773361980000,0.007456,0.007477,0.007454,0.007454,167120.0
PENGU,PENGU-USDC,PENGU,1m,1773362040000,0.007447,0.007454,0.007446,0.007454,19990.0
PENGU,PENGU-USDC,PENGU,1m,1773362100000,0.007452,0.007452,0.007443,0.007443,16730.0
PENGU,PENGU-USDC,PENGU,1m,1773362160000,0.00744,0.007441,0.007414,0.007414,27357.0
PENGU,PENGU-USDC,PENGU,1m,1773362220000,0.007413,0.007413,0.007381,0.007383,493022.0
PENGU,PENGU-USDC,PENGU,1m,1773362280000,0.007381,0.007381,0.007381,0.007381,4813.0
PENGU,PENGU-USDC,PENGU,1m,1773362340000,0.007379,0.007379,0.007375,0.007375,65531.0
PENGU,PENGU-USDC,PENGU,1m,1773362400000,0.007375,0.007375,0.007375,0.007375,0.0
PENGU,PENGU-USDC,PENGU,1m,1773362460000,0.00739,0.00739,0.007359,0.007359,141870.0
PENGU,PENGU-USDC,PENGU,1m,1773362520000,0.007355,0.007365,0.007349,0.007363,335276.0
PENGU,PENGU-USDC,PENGU,1m,1773362580000,0.007358,0.007358,0.007354,0.007354,229058.0
PENGU,PENGU-USDC,PENGU,1m,1773362640000,0.007351,0.007351,0.007348,0.007348,8930.0
PENGU,PENGU-USDC,PENGU,1m,1773362700000,0.007345,0.007351,0.00733,0.00733,138618.0
PENGU,PENGU-USDC,PENGU,1m,1773362760000,0.007329,0.007329,0.007326,0.007327,14533.0
PENGU,PENGU-USDC,PENGU,1m,1773362820000,0.00732,0.00732,0.007313,0.00732,78324.0
PENGU,PENGU-USDC,PENGU,1m,1773362880000,0.007326,0.007326,0.00732,0.00732,7627.0
PENGU,PENGU-USDC,PENGU,1m,1773362940000,0.007325,0.007326,0.007315,0.007315,238756.0
PENGU,PENGU-USDC,PENGU,1m,1773363000000,0.007337,0.007337,0.007337,0.007337,99966.0
PENGU,PENGU-USDC,PENGU,1m,1773363060000,0.007336,0.007336,0.007327,0.007327,134620.0
PENGU,PENGU-USDC,PENGU,1m,1773363120000,0.007321,0.007321,0.007314,0.007315,318069.0
PENGU,PENGU-USDC,PENGU,1m,1773363180000,0.007311,0.00733,0.007309,0.00733,1803024.0
PENGU,PENGU-USDC,PENGU,1m,1773363240000,0.007336,0.007339,0.00731,0.00731,514553.0
PENGU,PENGU-USDC,PENGU,1m,1773363300000,0.007312,0.007312,0.007312,0.007312,2185.0
PENGU,PENGU-USDC,PENGU,1m,1773363360000,0.007321,0.007322,0.007316,0.007319,30588.0
PENGU,PENGU-USDC,PENGU,1m,1773363420000,0.007316,0.007316,0.007316,0.007316,1852.0
PENGU,PENGU-USDC,PENGU,1m,1773363480000,0.007318,0.007322,0.007317,0.007322,409850.0
PENGU,PENGU-USDC,PENGU,1m,1773363540000,0.00733,0.00734,0.00733,0.00734,3000.0
PENGU,PENGU-USDC,PENGU,1m,1773363600000,0.007338,0.00737,0.007337,0.00737,1478087.0
PENGU,PENGU-USDC,PENGU,1m,1773363660000,0.007369,0.00738,0.007369,0.007378,186960.0
PENGU,PENGU-USDC,PENGU,1m,1773363720000,0.007374,0.007374,0.007365,0.007365,27216.0
PENGU,PENGU-USDC,PENGU,1m,1773363780000,0.007364,0.007364,0.007361,0.007361,36954.0
PENGU,PENGU-USDC,PENGU,1m,1773363840000,0.007368,0.007381,0.007368,0.007376,12891.0
PENGU,PENGU-USDC,PENGU,1m,1773363900000,0.007367,0.007367,0.007367,0.007367,2257.0
PENGU,PENGU-USDC,PENGU,1m,1773363960000,0.007388,0.007394,0.007388,0.007394,7431.0
PENGU,PENGU-USDC,PENGU,1m,1773364020000,0.007402,0.007402,0.007394,0.007394,26508.0
PENGU,PENGU-USDC,PENGU,1m,1773364080000,0.007394,0.007394,0.007394,0.007394,0.0
PENGU,PENGU-USDC,PENGU,1m,1773364140000,0.007394,0.007403,0.007394,0.007401,10718.0
PENGU,PENGU-USDC,PENGU,1m,1773364200000,0.007401,0.007401,0.007401,0.007401,53616.0
PENGU,PENGU-USDC,PENGU,1m,1773364260000,0.007407,0.007407,0.007398,0.007398,51067.0
PENGU,PENGU-USDC,PENGU,1m,1773364320000,0.007394,0.007394,0.007388,0.007388,39529.0
PENGU,PENGU-USDC,PENGU,1m,1773364380000,0.007393,0.007393,0.007388,0.007388,88756.0
PENGU,PENGU-USDC,PENGU,1m,1773364440000,0.007392,0.007392,0.00739,0.00739,41524.0
PENGU,PENGU-USDC,PENGU,1m,1773364500000,0.007383,0.007389,0.007379,0.007389,369343.0
PENGU,PENGU-USDC,PENGU,1m,1773364560000,0.007389,0.007389,0.007389,0.007389,11256.0
PENGU,PENGU-USDC,PENGU,1m,1773364620000,0.007403,0.007403,0.007389,0.007389,29355.0
PENGU,PENGU-USDC,PENGU,1m,1773364680000,0.0074,0.0074,0.007393,0.007395,76724.0
PENGU,PENGU-USDC,PENGU,1m,1773364740000,0.007397,0.007397,0.00739,0.00739,12439.0
PENGU,PENGU-USDC,PENGU,1m,1773364800000,0.00739,0.00739,0.00739,0.00739,0.0
PENGU,PENGU-USDC,PENGU,1m,1773364860000,0.007403,0.007403,0.007381,0.007381,35336.0
PENGU,PENGU-USDC,PENGU,1m,1773364920000,0.007379,0.007379,0.007368,0.007368,63320.0
PENGU,PENGU-USDC,PENGU,1m,1773364980000,0.007368,0.007368,0.007368,0.007368,205144.0
PENGU,PENGU-USDC,PENGU,1m,1773365040000,0.007367,0.007367,0.007367,0.007367,39408.0
PENGU,PENGU-USDC,PENGU,1m,1773365100000,0.00737,0.00737,0.00737,0.00737,2456.0
PENGU,PENGU-USDC,PENGU,1m,1773365160000,0.007373,0.007373,0.007373,0.007373,2250.0
PENGU,PENGU-USDC,PENGU,1m,1773365220000,0.00738,0.007392,0.00738,0.007389,44356.0
PENGU,PENGU-USDC,PENGU,1m,1773365280000,0.007397,0.007397,0.00739,0.00739,26737.0
PENGU,PENGU-USDC,PENGU,1m,1773365340000,0.007382,0.007382,0.007378,0.007378,30493.0
PENGU,PENGU-USDC,PENGU,1m,1773365400000,0.007378,0.007378,0.007378,0.007378,13884.0
PENGU,PENGU-USDC,PENGU,1m,1773365460000,0.007378,0.007378,0.007378,0.007378,0.0
PENGU,PENGU-USDC,PENGU,1m,1773365520000,0.00739,0.007391,0.00739,0.00739,26462.0
PENGU,PENGU-USDC,PENGU,1m,1773365580000,0.007387,0.00739,0.007387,0.00739,13629.0
PENGU,PENGU-USDC,PENGU,1m,1773365640000,0.007393,0.007393,0.007393,0.007393,21418.0
PENGU,PENGU-USDC,PENGU,1m,1773365700000,0.007383,0.007383,0.007383,0.007383,5510.0
PENGU,PENGU-USDC,PENGU,1m,1773365760000,0.00738,0.00738,0.007368,0.007368,544777.0
PENGU,PENGU-USDC,PENGU,1m,1773365820000,0.007374,0.007383,0.007374,0.00738,2590352.0
PENGU,PENGU-USDC,PENGU,1m,1773365880000,0.007372,0.007372,0.007359,0.007361,268374.0
PENGU,PENGU-USDC,PENGU,1m,1773365940000,0.007364,0.007364,0.007364,0.007364,2118.0
PENGU,PENGU-USDC,PENGU,1m,1773366000000,0.00737,0.007399,0.00737,0.007399,2337250.0
PENGU,PENGU-USDC,PENGU,1m,1773366060000,0.007403,0.007405,0.007403,0.007405,7118.0
PENGU,PENGU-USDC,PENGU,1m,1773366120000,0.0074,0.007427,0.007399,0.007427,195984.0
PENGU,PENGU-USDC,PENGU,1m,1773366180000,0.007422,0.007422,0.007422,0.007422,3193.0
PENGU,PENGU-USDC,PENGU,1m,1773366240000,0.007431,0.007439,0.00743,0.007438,801038.0
PENGU,PENGU-USDC,PENGU,1m,1773366300000,0.007434,0.00744,0.007434,0.00744,86792.0
PENGU,PENGU-USDC,PENGU,1m,1773366360000,0.007442,0.007446,0.007442,0.007446,85596.0
PENGU,PENGU-USDC,PENGU,1m,1773366420000,0.007441,0.007441,0.00744,0.00744,33016.0
PENGU,PENGU-USDC,PENGU,1m,1773366480000,0.007442,0.007445,0.00744,0.007445,195422.0
PENGU,PENGU-USDC,PENGU,1m,1773366540000,0.007439,0.007442,0.007438,0.007442,342939.0
PENGU,PENGU-USDC,PENGU,1m,1773366600000,0.007447,0.007451,0.007434,0.007434,232228.0
PENGU,PENGU-USDC,PENGU,1m,1773366660000,0.007435,0.007435,0.007434,0.007434,4431.0
PENGU,PENGU-USDC,PENGU,1m,1773366720000,0.007434,0.007434,0.007434,0.007434,0.0
PENGU,PENGU-USDC,PENGU,1m,1773366780000,0.007432,0.007433,0.007429,0.007429,89642.0
PENGU,PENGU-USDC,PENGU,1m,1773366840000,0.007439,0.007439,0.007439,0.007439,2520.0
PENGU,PENGU-USDC,PENGU,1m,1773366900000,0.00745,0.00745,0.007437,0.007445,56719.0
PENGU,PENGU-USDC,PENGU,1m,1773366960000,0.00745,0.007451,0.00745,0.007451,10078.0
PENGU,PENGU-USDC,PENGU,1m,1773367020000,0.007447,0.007447,0.007447,0.007447,39502.0
PENGU,PENGU-USDC,PENGU,1m,1773367080000,0.007446,0.007446,0.00744,0.00744,15572.0
PENGU,PENGU-USDC,PENGU,1m,1773367140000,0.007446,0.007447,0.007441,0.007441,314356.0
PENGU,PENGU-USDC,PENGU,1m,1773367200000,0.00745,0.00745,0.007429,0.007429,69431.0
PENGU,PENGU-USDC,PENGU,1m,1773367260000,0.007434,0.007435,0.007432,0.007435,412011.0
PENGU,PENGU-USDC,PENGU,1m,1773367320000,0.007427,0.007427,0.007427,0.007427,4993.0
PENGU,PENGU-USDC,PENGU,1m,1773367380000,0.007427,0.007427,0.007427,0.007427,0.0
PENGU,PENGU-USDC,PENGU,1m,1773367440000,0.007425,0.007428,0.007417,0.007417,889112.0
PENGU,PENGU-USDC,PENGU,1m,1773367500000,0.007424,0.007424,0.007424,0.007424,39967.0
PENGU,PENGU-USDC,PENGU,1m,1773367560000,0.007428,0.007428,0.007428,0.007428,8894.0
PENGU,PENGU-USDC,PENGU,1m,1773367620000,0.007428,0.007428,0.007414,0.007414,67562.0
PENGU,PENGU-USDC,PENGU,1m,1773367680000,0.007418,0.00742,0.007418,0.00742,17123.0
PENGU,PENGU-USDC,PENGU,1m,1773367740000,0.007415,0.007415,0.00741,0.007411,47532.0
PENGU,PENGU-USDC,PENGU,1m,1773367800000,0.007412,0.007412,0.007412,0.007412,12538.0
PENGU,PENGU-USDC,PENGU,1m,1773367860000,0.007424,0.007424,0.007415,0.00742,312410.0
PENGU,PENGU-USDC,PENGU,1m,1773367920000,0.007416,0.007416,0.007405,0.007405,103182.0
PENGU,PENGU-USDC,PENGU,1m,1773367980000,0.007405,0.007405,0.007405,0.007405,0.0
PENGU,PENGU-USDC,PENGU,1m,1773368040000,0.007409,0.007409,0.007402,0.007406,526270.0
PENGU,PENGU-USDC,PENGU,1m,1773368100000,0.007411,0.007411,0.007411,0.007411,17081.0
PENGU,PENGU-USDC,PENGU,1m,1773368160000,0.007404,0.007404,0.007395,0.007395,36217.0
PENGU,PENGU-USDC,PENGU,1m,1773368220000,0.007392,0.007392,0.00737,0.00737,237948.0
PENGU,PENGU-USDC,PENGU,1m,1773368280000,0.007369,0.007369,0.007369,0.007369,1460.0
PENGU,PENGU-USDC,PENGU,1m,1773368340000,0.007386,0.007392,0.007378,0.007392,21259.0
PENGU,PENGU-USDC,PENGU,1m,1773368400000,0.00739,0.00739,0.007374,0.007378,233339.0
PENGU,PENGU-USDC,PENGU,1m,1773368460000,0.007379,0.00738,0.007367,0.007367,71901.0
PENGU,PENGU-USDC,PENGU,1m,1773368520000,0.007367,0.007371,0.007367,0.007371,4939.0
PENGU,PENGU-USDC,PENGU,1m,1773368580000,0.007379,0.007379,0.007378,0.007378,200445.0
PENGU,PENGU-USDC,PENGU,1m,1773368640000,0.007374,0.007374,0.007371,0.007371,10722.0
PENGU,PENGU-USDC,PENGU,1m,1773368700000,0.007376,0.007376,0.007376,0.007376,2380.0
PENGU,PENGU-USDC,PENGU,1m,1773368760000,0.007374,0.007374,0.00737,0.00737,11955.0
PENGU,PENGU-USDC,PENGU,1m,1773368820000,0.007369,0.007369,0.007369,0.007369,2242.0
PENGU,PENGU-USDC,PENGU,1m,1773368880000,0.00737,0.00737,0.00737,0.00737,2100.0
PENGU,PENGU-USDC,PENGU,1m,1773368940000,0.00737,0.00737,0.00737,0.00737,2529.0
PENGU,PENGU-USDC,PENGU,1m,1773369000000,0.007367,0.007371,0.007367,0.007371,6246.0
PENGU,PENGU-USDC,PENGU,1m,1773369060000,0.007377,0.00738,0.007374,0.007374,141602.0
PENGU,PENGU-USDC,PENGU,1m,1773369120000,0.007375,0.007375,0.007375,0.007375,9399.0
PENGU,PENGU-USDC,PENGU,1m,1773369180000,0.007371,0.007373,0.007371,0.007373,67638.0
PENGU,PENGU-USDC,PENGU,1m,1773369240000,0.007376,0.007376,0.007368,0.007368,353295.0
PENGU,PENGU-USDC,PENGU,1m,1773369300000,0.007364,0.007364,0.007364,0.007364,2277.0
PENGU,PENGU-USDC,PENGU,1m,1773369360000,0.007364,0.007365,0.007364,0.007365,142274.0
PENGU,PENGU-USDC,PENGU,1m,1773369420000,0.007375,0.007375,0.007375,0.007375,21124.0
PENGU,PENGU-USDC,PENGU,1m,1773369480000,0.00738,0.007382,0.007372,0.007372,24661.0
PENGU,PENGU-USDC,PENGU,1m,1773369540000,0.007361,0.007361,0.007355,0.007355,14333.0
PENGU,PENGU-USDC,PENGU,1m,1773369600000,0.007352,0.007352,0.007343,0.007351,20809.0
PENGU,PENGU-USDC,PENGU,1m,1773369660000,0.007358,0.007358,0.007358,0.007358,5203.0
PENGU,PENGU-USDC,PENGU,1m,1773369720000,0.00736,0.00736,0.007358,0.007358,22168.0
PENGU,PENGU-USDC,PENGU,1m,1773369780000,0.007358,0.007358,0.007358,0.007358,13046.0
PENGU,PENGU-USDC,PENGU,1m,1773369840000,0.007367,0.007367,0.007367,0.007367,2256.0
PENGU,PENGU-USDC,PENGU,1m,1773369900000,0.007365,0.00737,0.007365,0.007367,240675.0
PENGU,PENGU-USDC,PENGU,1m,1773369960000,0.007364,0.007364,0.007351,0.007351,24254.0
PENGU,PENGU-USDC,PENGU,1m,1773370020000,0.007364,0.007364,0.007364,0.007364,2600.0
PENGU,PENGU-USDC,PENGU,1m,1773370080000,0.007363,0.007368,0.007362,0.007368,26105.0
PENGU,PENGU-USDC,PENGU,1m,1773370140000,0.007371,0.007375,0.00737,0.007375,8560.0
PENGU,PENGU-USDC,PENGU,1m,1773370200000,0.007369,0.00737,0.007365,0.007365,281948.0
PENGU,PENGU-USDC,PENGU,1m,1773370260000,0.007362,0.007363,0.00736,0.00736,92579.0
PENGU,PENGU-USDC,PENGU,1m,1773370320000,0.007356,0.007356,0.00735,0.007351,44979.0
PENGU,PENGU-USDC,PENGU,1m,1773370380000,0.007348,0.007348,0.007348,0.007348,5418.0
PENGU,PENGU-USDC,PENGU,1m,1773370440000,0.007356,0.007356,0.007356,0.007356,4808.0
PENGU,PENGU-USDC,PENGU,1m,1773370500000,0.007358,0.007358,0.007358,0.007358,2323.0
PENGU,PENGU-USDC,PENGU,1m,1773370560000,0.007365,0.007365,0.007365,0.007365,101833.0
PENGU,PENGU-USDC,PENGU,1m,1773370620000,0.00737,0.00737,0.007365,0.007365,30568.0
PENGU,PENGU-USDC,PENGU,1m,1773370680000,0.007365,0.007365,0.007365,0.007365,0.0
PENGU,PENGU-USDC,PENGU,1m,1773370740000,0.007371,0.007372,0.00737,0.00737,10869.0
PENGU,PENGU-USDC,PENGU,1m,1773370800000,0.007381,0.007392,0.007381,0.007385,278879.0
PENGU,PENGU-USDC,PENGU,1m,1773370860000,0.007376,0.007376,0.007375,0.007375,100618.0
PENGU,PENGU-USDC,PENGU,1m,1773370920000,0.007375,0.007381,0.007375,0.007381,14905.0
PENGU,PENGU-USDC,PENGU,1m,1773370980000,0.007377,0.007381,0.007373,0.007373,139722.0
PENGU,PENGU-USDC,PENGU,1m,1773371040000,0.007369,0.007369,0.007369,0.007369,6422.0
PENGU,PENGU-USDC,PENGU,1m,1773371100000,0.007364,0.007364,0.007359,0.007359,506340.0
PENGU,PENGU-USDC,PENGU,1m,1773371160000,0.007367,0.007373,0.007367,0.007373,312153.0
PENGU,PENGU-USDC,PENGU,1m,1773371220000,0.007391,0.007391,0.007391,0.007391,2315.0
PENGU,PENGU-USDC,PENGU,1m,1773371280000,0.007392,0.007409,0.007392,0.007409,192058.0
PENGU,PENGU-USDC,PENGU,1m,1773371340000,0.007402,0.007403,0.0074,0.007403,62892.0
PENGU,PENGU-USDC,PENGU,1m,1773371400000,0.007401,0.007407,0.00739,0.007391,294016.0
PENGU,PENGU-USDC,PENGU,1m,1773371460000,0.007387,0.007397,0.007387,0.007397,169631.0
PENGU,PENGU-USDC,PENGU,1m,1773371520000,0.007394,0.007394,0.007394,0.007394,2439.0
PENGU,PENGU-USDC,PENGU,1m,1773371580000,0.007397,0.007397,0.007397,0.007397,2456.0
PENGU,PENGU-USDC,PENGU,1m,1773371640000,0.007392,0.007393,0.007387,0.007387,419127.0
PENGU,PENGU-USDC,PENGU,1m,1773371700000,0.007385,0.007385,0.007385,0.007385,573656.0
PENGU,PENGU-USDC,PENGU,1m,1773371760000,0.007392,0.007392,0.007387,0.007387,11267.0
PENGU,PENGU-USDC,PENGU,1m,1773371820000,0.007407,0.007407,0.007403,0.007403,25194.0
PENGU,PENGU-USDC,PENGU,1m,1773371880000,0.007403,0.007403,0.007403,0.007403,0.0
PENGU,PENGU-USDC,PENGU,1m,1773371940000,0.007407,0.00741,0.007407,0.00741,7676.0
PENGU,PENGU-USDC,PENGU,1m,1773372000000,0.007402,0.007402,0.0074,0.0074,31370.0
PENGU,PENGU-USDC,PENGU,1m,1773372060000,0.0074,0.0074,0.0074,0.0074,0.0
PENGU,PENGU-USDC,PENGU,1m,1773372120000,0.007398,0.007398,0.007391,0.007391,102933.0
PENGU,PENGU-USDC,PENGU,1m,1773372180000,0.007394,0.007403,0.007394,0.007402,9541.0
PENGU,PENGU-USDC,PENGU,1m,1773372240000,0.007401,0.007401,0.007401,0.007401,7098.0
PENGU,PENGU-USDC,PENGU,1m,1773372300000,0.007412,0.007412,0.0074,0.0074,304491.0
PENGU,PENGU-USDC,PENGU,1m,1773372360000,0.007396,0.007396,0.007396,0.007396,32000.0
PENGU,PENGU-USDC,PENGU,1m,1773372420000,0.007392,0.007392,0.00739,0.00739,7494.0
PENGU,PENGU-USDC,PENGU,1m,1773372480000,0.007387,0.007387,0.007384,0.007384,9233.0
PENGU,PENGU-USDC,PENGU,1m,1773372540000,0.007386,0.007386,0.007375,0.007375,23870.0
PENGU,PENGU-USDC,PENGU,1m,1773372600000,0.007377,0.007377,0.007375,0.007375,20162.0
PENGU,PENGU-USDC,PENGU,1m,1773372660000,0.00737,0.00737,0.007359,0.007359,18517.0
PENGU,PENGU-USDC,PENGU,1m,1773372720000,0.007361,0.007366,0.007361,0.007366,26174.0
PENGU,PENGU-USDC,PENGU,1m,1773372780000,0.007381,0.007381,0.007377,0.007377,3527.0
PENGU,PENGU-USDC,PENGU,1m,1773372840000,0.007392,0.007393,0.00739,0.00739,198959.0
PENGU,PENGU-USDC,PENGU,1m,1773372900000,0.007392,0.007392,0.007392,0.007392,49487.0
PENGU,PENGU-USDC,PENGU,1m,1773372960000,0.007386,0.007386,0.007382,0.007382,23247.0
PENGU,PENGU-USDC,PENGU,1m,1773373020000,0.007379,0.007379,0.007379,0.007379,4878.0
PENGU,PENGU-USDC,PENGU,1m,1773373080000,0.007376,0.007376,0.007376,0.007376,2181.0
PENGU,PENGU-USDC,PENGU,1m,1773373140000,0.007371,0.007371,0.00737,0.00737,9756.0
PENGU,PENGU-USDC,PENGU,1m,1773373200000,0.007365,0.007365,0.007359,0.007359,46499.0
PENGU,PENGU-USDC,PENGU,1m,1773373260000,0.00736,0.00736,0.00736,0.00736,10925.0
PENGU,PENGU-USDC,PENGU,1m,1773373320000,0.007361,0.007363,0.00736,0.007363,818983.0
PENGU,PENGU-USDC,PENGU,1m,1773373380000,0.007363,0.007363,0.007363,0.007363,2245.0
PENGU,PENGU-USDC,PENGU,1m,1773373440000,0.007366,0.007366,0.007366,0.007366,2250.0
PENGU,PENGU-USDC,PENGU,1m,1773373500000,0.007366,0.007366,0.007366,0.007366,2646.0
PENGU,PENGU-USDC,PENGU,1m,1773373560000,0.007366,0.007366,0.007366,0.007366,45027.0
PENGU,PENGU-USDC,PENGU,1m,1773373620000,0.007369,0.007375,0.007368,0.007375,223228.0
PENGU,PENGU-USDC,PENGU,1m,1773373680000,0.007372,0.007372,0.00737,0.00737,26815.0
PENGU,PENGU-USDC,PENGU,1m,1773373740000,0.00737,0.00737,0.007362,0.007362,42960.0
PENGU,PENGU-USDC,PENGU,1m,1773373800000,0.007366,0.007366,0.007366,0.007366,2833.0
PENGU,PENGU-USDC,PENGU,1m,1773373860000,0.007371,0.007371,0.007371,0.007371,8598.0
PENGU,PENGU-USDC,PENGU,1m,1773373920000,0.007378,0.007388,0.007378,0.007388,15425.0
PENGU,PENGU-USDC,PENGU,1m,1773373980000,0.007392,0.007403,0.007392,0.007403,2975.0
PENGU,PENGU-USDC,PENGU,1m,1773374040000,0.007402,0.007436,0.007402,0.007436,208010.0
PENGU,PENGU-USDC,PENGU,1m,1773374100000,0.007441,0.00745,0.007441,0.007446,509198.0
PENGU,PENGU-USDC,PENGU,1m,1773374160000,0.007442,0.007443,0.007437,0.007437,24110.0
PENGU,PENGU-USDC,PENGU,1m,1773374220000,0.007438,0.007438,0.007434,0.007434,173073.0
PENGU,PENGU-USDC,PENGU,1m,1773374280000,0.007433,0.007433,0.007424,0.007426,43265.0
PENGU,PENGU-USDC,PENGU,1m,1773374340000,0.007421,0.007424,0.007414,0.007414,20587.0
PENGU,PENGU-USDC,PENGU,1m,1773374400000,0.007404,0.007408,0.007403,0.007404,556262.0
PENGU,PENGU-USDC,PENGU,1m,1773374460000,0.007404,0.007413,0.007404,0.007413,7017.0
PENGU,PENGU-USDC,PENGU,1m,1773374520000,0.00741,0.00741,0.007395,0.007395,330818.0
PENGU,PENGU-USDC,PENGU,1m,1773374580000,0.007403,0.007403,0.007403,0.007403,3084.0
PENGU,PENGU-USDC,PENGU,1m,1773374640000,0.007411,0.007412,0.007411,0.007412,10750.0
PENGU,PENGU-USDC,PENGU,1m,1773374700000,0.00741,0.00741,0.00741,0.00741,2054.0
PENGU,PENGU-USDC,PENGU,1m,1773374760000,0.007418,0.007418,0.007418,0.007418,7596.0
PENGU,PENGU-USDC,PENGU,1m,1773374820000,0.007422,0.007447,0.007422,0.007447,121460.0
PENGU,PENGU-USDC,PENGU,1m,1773374880000,0.00744,0.007444,0.00744,0.007444,57491.0
PENGU,PENGU-USDC,PENGU,1m,1773374940000,0.00744,0.007444,0.007429,0.007438,909269.0
PENGU,PENGU-USDC,PENGU,1m,1773375000000,0.007441,0.007441,0.007437,0.007437,4704.0
PENGU,PENGU-USDC,PENGU,1m,1773375060000,0.007437,0.007437,0.007424,0.007424,12208.0
PENGU,PENGU-USDC,PENGU,1m,1773375120000,0.007428,0.007428,0.007428,0.007428,2628.0
PENGU,PENGU-USDC,PENGU,1m,1773375180000,0.00742,0.00742,0.007411,0.007411,228086.0
PENGU,PENGU-USDC,PENGU,1m,1773375240000,0.007411,0.007411,0.007411,0.007411,0.0
PENGU,PENGU-USDC,PENGU,1m,1773375300000,0.007416,0.007416,0.007402,0.007402,234634.0
PENGU,PENGU-USDC,PENGU,1m,1773375360000,0.007402,0.007403,0.007399,0.007403,906971.0
PENGU,PENGU-USDC,PENGU,1m,1773375420000,0.007398,0.007398,0.007398,0.007398,24849.0
PENGU,PENGU-USDC,PENGU,1m,1773375480000,0.007398,0.007398,0.007398,0.007398,2319.0
PENGU,PENGU-USDC,PENGU,1m,1773375540000,0.007398,0.007398,0.007398,0.007398,0.0
PENGU,PENGU-USDC,PENGU,1m,1773375600000,0.00741,0.00741,0.007403,0.007407,6408.0
PENGU,PENGU-USDC,PENGU,1m,1773375660000,0.007403,0.007403,0.0074,0.0074,38159.0
PENGU,PENGU-USDC,PENGU,1m,1773375720000,0.007396,0.007396,0.007389,0.007389,46914.0
PENGU,PENGU-USDC,PENGU,1m,1773375780000,0.007386,0.007386,0.007385,0.007385,13177.0
PENGU,PENGU-USDC,PENGU,1m,1773375840000,0.007383,0.007395,0.007383,0.007395,124468.0
PENGU,PENGU-USDC,PENGU,1m,1773375900000,0.007387,0.007387,0.007377,0.007377,33067.0
PENGU,PENGU-USDC,PENGU,1m,1773375960000,0.007385,0.007385,0.007385,0.007385,4986.0
PENGU,PENGU-USDC,PENGU,1m,1773376020000,0.007385,0.007385,0.007385,0.007385,0.0
PENGU,PENGU-USDC,PENGU,1m,1773376080000,0.007377,0.007377,0.007377,0.007377,20831.0
PENGU,PENGU-USDC,PENGU,1m,1773376140000,0.00739,0.00739,0.007389,0.007389,13493.0
PENGU,PENGU-USDC,PENGU,1m,1773376200000,0.007386,0.007386,0.007386,0.007386,3146.0
PENGU,PENGU-USDC,PENGU,1m,1773376260000,0.007374,0.007382,0.007374,0.007382,256300.0
PENGU,PENGU-USDC,PENGU,1m,1773376320000,0.007382,0.007382,0.007382,0.007382,0.0
PENGU,PENGU-USDC,PENGU,1m,1773376380000,0.007385,0.007393,0.007385,0.007393,14353.0
PENGU,PENGU-USDC,PENGU,1m,1773376440000,0.00739,0.00739,0.007382,0.007382,104452.0
PENGU,PENGU-USDC,PENGU,1m,1773376500000,0.00739,0.00739,0.007388,0.007388,5611.0
PENGU,PENGU-USDC,PENGU,1m,1773376560000,0.007388,0.007388,0.007388,0.007388,0.0
PENGU,PENGU-USDC,PENGU,1m,1773376620000,0.007388,0.007394,0.007388,0.007394,5190.0
PENGU,PENGU-USDC,PENGU,1m,1773376680000,0.007394,0.007394,0.007394,0.007394,0.0
PENGU,PENGU-USDC,PENGU,1m,1773376740000,0.007394,0.007397,0.007392,0.007397,58467.0
PENGU,PENGU-USDC,PENGU,1m,1773376800000,0.007392,0.007392,0.007392,0.007392,6615.0
PENGU,PENGU-USDC,PENGU,1m,1773376860000,0.007391,0.007391,0.007391,0.007391,2292.0
PENGU,PENGU-USDC,PENGU,1m,1773376920000,0.007394,0.007394,0.007387,0.007387,4511.0
PENGU,PENGU-USDC,PENGU,1m,1773376980000,0.007384,0.007384,0.007381,0.007381,9608.0
PENGU,PENGU-USDC,PENGU,1m,1773377040000,0.00739,0.00739,0.00739,0.00739,8059.0
PENGU,PENGU-USDC,PENGU,1m,1773377100000,0.007386,0.007386,0.007386,0.007386,2504.0
PENGU,PENGU-USDC,PENGU,1m,1773377160000,0.007393,0.007393,0.007388,0.007388,4714.0
PENGU,PENGU-USDC,PENGU,1m,1773377220000,0.007396,0.007399,0.007395,0.007396,501891.0
PENGU,PENGU-USDC,PENGU,1m,1773377280000,0.007397,0.007397,0.007393,0.007393,6982.0
PENGU,PENGU-USDC,PENGU,1m,1773377340000,0.007385,0.007385,0.007384,0.007384,100566.0
PENGU,PENGU-USDC,PENGU,1m,1773377400000,0.007384,0.007384,0.007381,0.007381,4502.0
PENGU,PENGU-USDC,PENGU,1m,1773377460000,0.007378,0.007378,0.007375,0.007375,148046.0
PENGU,PENGU-USDC,PENGU,1m,1773377520000,0.007375,0.007375,0.007375,0.007375,0.0
PENGU,PENGU-USDC,PENGU,1m,1773377580000,0.007377,0.00738,0.007377,0.00738,8063.0
PENGU,PENGU-USDC,PENGU,1m,1773377640000,0.007378,0.007378,0.007378,0.007378,2610.0
PENGU,PENGU-USDC,PENGU,1m,1773377700000,0.007386,0.007386,0.007386,0.007386,2145.0
PENGU,PENGU-USDC,PENGU,1m,1773377760000,0.007386,0.007386,0.007386,0.007386,0.0
PENGU,PENGU-USDC,PENGU,1m,1773377820000,0.007387,0.007387,0.007387,0.007387,7374.0
PENGU,PENGU-USDC,PENGU,1m,1773377880000,0.007389,0.007389,0.007389,0.007389,2629.0
PENGU,PENGU-USDC,PENGU,1m,1773377940000,0.007391,0.007391,0.007391,0.007391,2509.0
PENGU,PENGU-USDC,PENGU,1m,1773378000000,0.007402,0.007402,0.007388,0.007388,129897.0
PENGU,PENGU-USDC,PENGU,1m,1773378060000,0.007393,0.007393,0.007393,0.007393,2543.0
PENGU,PENGU-USDC,PENGU,1m,1773378120000,0.007381,0.007381,0.007373,0.007373,47455.0
PENGU,PENGU-USDC,PENGU,1m,1773378180000,0.007373,0.007373,0.007373,0.007373,0.0
PENGU,PENGU-USDC,PENGU,1m,1773378240000,0.00737,0.00737,0.007365,0.007365,2919.0
PENGU,PENGU-USDC,PENGU,1m,1773378300000,0.007366,0.007366,0.007366,0.007366,2770.0
PENGU,PENGU-USDC,PENGU,1m,1773378360000,0.007367,0.007369,0.007367,0.007369,5382.0
PENGU,PENGU-USDC,PENGU,1m,1773378420000,0.007385,0.007392,0.007385,0.007392,215398.0
PENGU,PENGU-USDC,PENGU,1m,1773378480000,0.007398,0.007402,0.007398,0.007402,9833.0
PENGU,PENGU-USDC,PENGU,1m,1773378540000,0.007394,0.007397,0.007394,0.007397,66035.0
PENGU,PENGU-USDC,PENGU,1m,1773378600000,0.00739,0.007392,0.00739,0.007392,120489.0
PENGU,PENGU-USDC,PENGU,1m,1773378660000,0.007386,0.007386,0.007386,0.007386,4165.0
PENGU,PENGU-USDC,PENGU,1m,1773378720000,0.007373,0.007373,0.00736,0.00736,158857.0
PENGU,PENGU-USDC,PENGU,1m,1773378780000,0.007359,0.007361,0.007359,0.007361,380533.0
PENGU,PENGU-USDC,PENGU,1m,1773378840000,0.007362,0.007362,0.007362,0.007362,2574.0
PENGU,PENGU-USDC,PENGU,1m,1773378900000,0.007371,0.007371,0.007371,0.007371,2596.0
PENGU,PENGU-USDC,PENGU,1m,1773378960000,0.007371,0.007371,0.007371,0.007371,0.0
PENGU,PENGU-USDC,PENGU,1m,1773379020000,0.007372,0.007379,0.007372,0.007379,5661.0
PENGU,PENGU-USDC,PENGU,1m,1773379080000,0.007381,0.007383,0.007381,0.007383,3778.0
PENGU,PENGU-USDC,PENGU,1m,1773379140000,0.007392,0.007392,0.007392,0.007392,1489.0
PENGU,PENGU-USDC,PENGU,1m,1773379200000,0.007403,0.007407,0.007403,0.007407,4291.0
PENGU,PENGU-USDC,PENGU,1m,1773379260000,0.007402,0.007402,0.007398,0.0074,6482.0
PENGU,PENGU-USDC,PENGU,1m,1773379320000,0.007401,0.007401,0.007401,0.007401,4167.0
PENGU,PENGU-USDC,PENGU,1m,1773379380000,0.007396,0.007397,0.007394,0.007397,15411.0
PENGU,PENGU-USDC,PENGU,1m,1773379440000,0.007394,0.007394,0.007381,0.007381,7085.0
PENGU,PENGU-USDC,PENGU,1m,1773379500000,0.007383,0.007383,0.007383,0.007383,193159.0
PENGU,PENGU-USDC,PENGU,1m,1773379560000,0.007383,0.007383,0.007383,0.007383,0.0
PENGU,PENGU-USDC,PENGU,1m,1773379620000,0.007384,0.007387,0.007384,0.007387,5273.0
PENGU,PENGU-USDC,PENGU,1m,1773379680000,0.007385,0.007385,0.007385,0.007385,4725.0
PENGU,PENGU-USDC,PENGU,1m,1773379740000,0.007383,0.007386,0.007383,0.007383,8739.0
PENGU,PENGU-USDC,PENGU,1m,1773379800000,0.007387,0.007387,0.007387,0.007387,2232.0
PENGU,PENGU-USDC,PENGU,1m,1773379860000,0.007396,0.007397,0.007392,0.007392,132794.0
PENGU,PENGU-USDC,PENGU,1m,1773379920000,0.007385,0.007385,0.007384,0.007384,12265.0
PENGU,PENGU-USDC,PENGU,1m,1773379980000,0.007397,0.0074,0.007397,0.0074,90480.0
PENGU,PENGU-USDC,PENGU,1m,1773380040000,0.007403,0.007403,0.007402,0.007402,5982.0
PENGU,PENGU-USDC,PENGU,1m,1773380100000,0.007414,0.007414,0.007414,0.007414,1484.0
PENGU,PENGU-USDC,PENGU,1m,1773380160000,0.007407,0.007407,0.007407,0.007407,2461.0
PENGU,PENGU-USDC,PENGU,1m,1773380220000,0.007408,0.007408,0.007397,0.007397,387106.0
PENGU,PENGU-USDC,PENGU,1m,1773380280000,0.007392,0.007392,0.007392,0.007392,4024.0
PENGU,PENGU-USDC,PENGU,1m,1773380340000,0.007392,0.007392,0.007392,0.007392,3043.0
PENGU,PENGU-USDC,PENGU,1m,1773380400000,0.007385,0.007385,0.007385,0.007385,2503.0
PENGU,PENGU-USDC,PENGU,1m,1773380460000,0.007388,0.007388,0.007381,0.007381,7749.0
PENGU,PENGU-USDC,PENGU,1m,1773380520000,0.007382,0.007382,0.007382,0.007382,2156.0
PENGU,PENGU-USDC,PENGU,1m,1773380580000,0.007385,0.007385,0.007385,0.007385,3307.0
PENGU,PENGU-USDC,PENGU,1m,1773380640000,0.007384,0.007385,0.007381,0.007385,9183.0
PENGU,PENGU-USDC,PENGU,1m,1773380700000,0.007385,0.007385,0.007385,0.007385,0.0
PENGU,PENGU-USDC,PENGU,1m,1773380760000,0.007385,0.007385,0.007385,0.007385,0.0
PENGU,PENGU-USDC,PENGU,1m,1773380820000,0.007383,0.007383,0.007383,0.007383,3398.0
PENGU,PENGU-USDC,PENGU,1m,1773380880000,0.00738,0.00738,0.007362,0.007364,96486.0
PENGU,PENGU-USDC,PENGU,1m,1773380940000,0.007364,0.007364,0.007364,0.007364,0.0
PENGU,PENGU-USDC,PENGU,1m,1773381000000,0.007369,0.007369,0.007358,0.007358,11252.0
PENGU,PENGU-USDC,PENGU,1m,1773381060000,0.007363,0.007363,0.007363,0.007363,7950.0
PENGU,PENGU-USDC,PENGU,1m,1773381120000,0.007381,0.007381,0.007381,0.007381,1491.0
PENGU,PENGU-USDC,PENGU,1m,1773381180000,0.007389,0.007394,0.007389,0.007393,55442.0
PENGU,PENGU-USDC,PENGU,1m,1773381240000,0.007384,0.007384,0.007384,0.007384,2806.0
PENGU,PENGU-USDC,PENGU,1m,1773381300000,0.007386,0.007386,0.007382,0.007385,9840.0
PENGU,PENGU-USDC,PENGU,1m,1773381360000,0.007381,0.007381,0.007381,0.007381,5901.0
PENGU,PENGU-USDC,PENGU,1m,1773381420000,0.007381,0.007381,0.007381,0.007381,0.0
PENGU,PENGU-USDC,PENGU,1m,1773381480000,0.007381,0.007382,0.00738,0.00738,162574.0
PENGU,PENGU-USDC,PENGU,1m,1773381540000,0.007385,0.007385,0.007385,0.007385,2474.0
PENGU,PENGU-USDC,PENGU,1m,1773381600000,0.00738,0.007388,0.00738,0.007388,5213.0
PENGU,PENGU-USDC,PENGU,1m,1773381660000,0.007391,0.007391,0.007379,0.007379,9068.0
PENGU,PENGU-USDC,PENGU,1m,1773381720000,0.007381,0.007382,0.007381,0.007381,12950.0
PENGU,PENGU-USDC,PENGU,1m,1773381780000,0.007381,0.007381,0.007381,0.007381,2545.0
PENGU,PENGU-USDC,PENGU,1m,1773381840000,0.007381,0.007381,0.007381,0.007381,0.0
PENGU,PENGU-USDC,PENGU,1m,1773381900000,0.007381,0.007381,0.007381,0.007381,0.0
PENGU,PENGU-USDC,PENGU,1m,1773381960000,0.007382,0.007382,0.007381,0.007381,90887.0
PENGU,PENGU-USDC,PENGU,1m,1773382020000,0.007382,0.007387,0.007382,0.007387,139828.0
PENGU,PENGU-USDC,PENGU,1m,1773382080000,0.007389,0.007401,0.007389,0.007401,26626.0
PENGU,PENGU-USDC,PENGU,1m,1773382140000,0.007399,0.007403,0.007399,0.007403,4371.0
PENGU,PENGU-USDC,PENGU,1m,1773382200000,0.007407,0.00741,0.007407,0.00741,22140.0
PENGU,PENGU-USDC,PENGU,1m,1773382260000,0.007411,0.007415,0.007411,0.007415,7665.0
PENGU,PENGU-USDC,PENGU,1m,1773382320000,0.007415,0.007415,0.007415,0.007415,4933.0
PENGU,PENGU-USDC,PENGU,1m,1773382380000,0.007415,0.007415,0.007415,0.007415,0.0
PENGU,PENGU-USDC,PENGU,1m,1773382440000,0.007409,0.007409,0.007409,0.007409,70781.0
PENGU,PENGU-USDC,PENGU,1m,1773382500000,0.007403,0.007415,0.007403,0.007415,10419.0
PENGU,PENGU-USDC,PENGU,1m,1773382560000,0.007422,0.007422,0.007422,0.007422,2364.0
PENGU,PENGU-USDC,PENGU,1m,1773382620000,0.007413,0.007413,0.007413,0.007413,1465.0
PENGU,PENGU-USDC,PENGU,1m,1773382680000,0.007406,0.007406,0.007406,0.007406,2676.0
PENGU,PENGU-USDC,PENGU,1m,1773382740000,0.007406,0.007406,0.007406,0.007406,2671.0
PENGU,PENGU-USDC,PENGU,1m,1773382800000,0.007406,0.007406,0.007406,0.007406,0.0
PENGU,PENGU-USDC,PENGU,1m,1773382860000,0.00742,0.007423,0.00742,0.00742,9736.0
PENGU,PENGU-USDC,PENGU,1m,1773382920000,0.007411,0.007411,0.007408,0.007408,6957.0
PENGU,PENGU-USDC,PENGU,1m,1773382980000,0.007407,0.007408,0.007404,0.007404,659397.0
PENGU,PENGU-USDC,PENGU,1m,1773383040000,0.007406,0.007406,0.007406,0.007406,3039.0
PENGU,PENGU-USDC,PENGU,1m,1773383100000,0.007405,0.007405,0.00739,0.00739,5775.0
PENGU,PENGU-USDC,PENGU,1m,1773383160000,0.007381,0.007381,0.007381,0.007381,1491.0
PENGU,PENGU-USDC,PENGU,1m,1773383220000,0.007381,0.007381,0.007381,0.007381,2546.0
PENGU,PENGU-USDC,PENGU,1m,1773383280000,0.007374,0.007374,0.00735,0.00735,265832.0
PENGU,PENGU-USDC,PENGU,1m,1773383340000,0.007357,0.007357,0.007356,0.007356,7971.0
PENGU,PENGU-USDC,PENGU,1m,1773383400000,0.007359,0.007359,0.007359,0.007359,2308.0
PENGU,PENGU-USDC,PENGU,1m,1773383460000,0.007357,0.007366,0.007357,0.007366,4359.0
PENGU,PENGU-USDC,PENGU,1m,1773383520000,0.007367,0.007372,0.007365,0.007372,1572294.0
PENGU,PENGU-USDC,PENGU,1m,1773383580000,0.007369,0.007369,0.00735,0.00735,151717.0
PENGU,PENGU-USDC,PENGU,1m,1773383640000,0.007348,0.007358,0.007332,0.007358,701842.0
PENGU,PENGU-USDC,PENGU,1m,1773383700000,0.00736,0.007364,0.00736,0.007364,2921.0
PENGU,PENGU-USDC,PENGU,1m,1773383760000,0.007359,0.007359,0.007359,0.007359,2572.0
PENGU,PENGU-USDC,PENGU,1m,1773383820000,0.007361,0.007361,0.007361,0.007361,5508.0
PENGU,PENGU-USDC,PENGU,1m,1773383880000,0.007367,0.00737,0.007367,0.00737,4295.0
PENGU,PENGU-USDC,PENGU,1m,1773383940000,0.007378,0.007378,0.007378,0.007378,2806.0
PENGU,PENGU-USDC,PENGU,1m,1773384000000,0.007381,0.007381,0.007381,0.007381,1491.0
PENGU,PENGU-USDC,PENGU,1m,1773384060000,0.007382,0.007382,0.007382,0.007382,2215.0
PENGU,PENGU-USDC,PENGU,1m,1773384120000,0.007382,0.007385,0.007382,0.007385,10737.0
PENGU,PENGU-USDC,PENGU,1m,1773384180000,0.007385,0.007385,0.007385,0.007385,2455.0
PENGU,PENGU-USDC,PENGU,1m,1773384240000,0.007385,0.007385,0.007385,0.007385,0.0
PENGU,PENGU-USDC,PENGU,1m,1773384300000,0.00738,0.00738,0.007372,0.007372,33801.0
PENGU,PENGU-USDC,PENGU,1m,1773384360000,0.007359,0.007369,0.007359,0.007369,98669.0
PENGU,PENGU-USDC,PENGU,1m,1773384420000,0.007374,0.007381,0.007374,0.007381,4137.0
PENGU,PENGU-USDC,PENGU,1m,1773384480000,0.007374,0.007374,0.007374,0.007374,2048.0
PENGU,PENGU-USDC,PENGU,1m,1773384540000,0.007372,0.007372,0.007372,0.007372,99766.0
PENGU,PENGU-USDC,PENGU,1m,1773384600000,0.007367,0.007367,0.007367,0.007367,1790.0
PENGU,PENGU-USDC,PENGU,1m,1773384660000,0.007367,0.007367,0.007367,0.007367,0.0
PENGU,PENGU-USDC,PENGU,1m,1773384720000,0.007381,0.007381,0.007381,0.007381,2305.0
PENGU,PENGU-USDC,PENGU,1m,1773384780000,0.007375,0.007375,0.007375,0.007375,3087.0
PENGU,PENGU-USDC,PENGU,1m,1773384840000,0.007375,0.007375,0.007375,0.007375,2861.0
PENGU,PENGU-USDC,PENGU,1m,1773384900000,0.007387,0.00739,0.00738,0.00738,149611.0
PENGU,PENGU-USDC,PENGU,1m,1773384960000,0.00738,0.007387,0.00738,0.007384,354120.0
PENGU,PENGU-USDC,PENGU,1m,1773385020000,0.007392,0.007398,0.007392,0.007398,4123.0
PENGU,PENGU-USDC,PENGU,1m,1773385080000,0.007398,0.007398,0.007398,0.007398,0.0
PENGU,PENGU-USDC,PENGU,1m,1773385140000,0.007392,0.007392,0.007389,0.007389,6636.0
PENGU,PENGU-USDC,PENGU,1m,1773385200000,0.007378,0.007378,0.007378,0.007378,2089.0
PENGU,PENGU-USDC,PENGU,1m,1773385260000,0.00737,0.00737,0.007369,0.00737,459022.0
PENGU,PENGU-USDC,PENGU,1m,1773385320000,0.007373,0.007373,0.007372,0.007372,66319.0
PENGU,PENGU-USDC,PENGU,1m,1773385380000,0.00739,0.007392,0.007389,0.007392,155320.0
PENGU,PENGU-USDC,PENGU,1m,1773385440000,0.007403,0.007414,0.007403,0.007413,152970.0
PENGU,PENGU-USDC,PENGU,1m,1773385500000,0.007409,0.007409,0.007409,0.007409,30934.0
PENGU,PENGU-USDC,PENGU,1m,1773385560000,0.007403,0.007409,0.007403,0.007409,43150.0
PENGU,PENGU-USDC,PENGU,1m,1773385620000,0.007416,0.007425,0.007416,0.007425,6201.0
PENGU,PENGU-USDC,PENGU,1m,1773385680000,0.007415,0.007415,0.007415,0.007415,2121.0
PENGU,PENGU-USDC,PENGU,1m,1773385740000,0.007416,0.007416,0.007416,0.007416,3075.0
PENGU,PENGU-USDC,PENGU,1m,1773385800000,0.007411,0.007427,0.007411,0.007427,135927.0
PENGU,PENGU-USDC,PENGU,1m,1773385860000,0.007427,0.007427,0.007427,0.007427,0.0
PENGU,PENGU-USDC,PENGU,1m,1773385920000,0.007427,0.007427,0.007426,0.007426,4418.0
PENGU,PENGU-USDC,PENGU,1m,1773385980000,0.007416,0.007416,0.007416,0.007416,2023.0
PENGU,PENGU-USDC,PENGU,1m,1773386040000,0.007418,0.007418,0.007416,0.007416,4879.0
PENGU,PENGU-USDC,PENGU,1m,1773386100000,0.007419,0.007419,0.007419,0.007419,2102.0
PENGU,PENGU-USDC,PENGU,1m,1773386160000,0.007413,0.007415,0.00741,0.00741,1594627.0
PENGU,PENGU-USDC,PENGU,1m,1773386220000,0.007418,0.007418,0.007418,0.007418,2728.0
PENGU,PENGU-USDC,PENGU,1m,1773386280000,0.007403,0.007403,0.007403,0.007403,1486.0
PENGU,PENGU-USDC,PENGU,1m,1773386340000,0.007401,0.007401,0.007401,0.007401,3433.0
PENGU,PENGU-USDC,PENGU,1m,1773386400000,0.007397,0.007397,0.007392,0.007392,9316.0
PENGU,PENGU-USDC,PENGU,1m,1773386460000,0.007392,0.007392,0.007392,0.007392,0.0
PENGU,PENGU-USDC,PENGU,1m,1773386520000,0.007389,0.007393,0.007389,0.007393,28009.0
PENGU,PENGU-USDC,PENGU,1m,1773386580000,0.007393,0.007393,0.007393,0.007393,0.0
PENGU,PENGU-USDC,PENGU,1m,1773386640000,0.007382,0.007382,0.007382,0.007382,2879.0
PENGU,PENGU-USDC,PENGU,1m,1773386700000,0.007381,0.007381,0.007381,0.007381,1491.0
PENGU,PENGU-USDC,PENGU,1m,1773386760000,0.007379,0.007379,0.007376,0.007376,5096.0
PENGU,PENGU-USDC,PENGU,1m,1773386820000,0.007381,0.007381,0.007381,0.007381,106899.0
PENGU,PENGU-USDC,PENGU,1m,1773386880000,0.007385,0.007385,0.00737,0.00737,4130.0
PENGU,PENGU-USDC,PENGU,1m,1773386940000,0.00737,0.00737,0.00737,0.00737,0.0
PENGU,PENGU-USDC,PENGU,1m,1773387000000,0.00738,0.00739,0.00738,0.00739,76427.0
PENGU,PENGU-USDC,PENGU,1m,1773387060000,0.007392,0.007395,0.007392,0.007393,13832.0
PENGU,PENGU-USDC,PENGU,1m,1773387120000,0.007381,0.007381,0.007381,0.007381,2370.0
PENGU,PENGU-USDC,PENGU,1m,1773387180000,0.007397,0.007397,0.007397,0.007397,4388.0
PENGU,PENGU-USDC,PENGU,1m,1773387240000,0.007385,0.007385,0.007385,0.007385,4027.0
PENGU,PENGU-USDC,PENGU,1m,1773387300000,0.007385,0.007385,0.007385,0.007385,2383.0
PENGU,PENGU-USDC,PENGU,1m,1773387360000,0.007387,0.007392,0.007387,0.007392,6472.0
PENGU,PENGU-USDC,PENGU,1m,1773387420000,0.007392,0.007399,0.007392,0.007399,312961.0
PENGU,PENGU-USDC,PENGU,1m,1773387480000,0.007384,0.007384,0.007384,0.007384,13113.0
PENGU,PENGU-USDC,PENGU,1m,1773387540000,0.007375,0.007375,0.007375,0.007375,2691.0
PENGU,PENGU-USDC,PENGU,1m,1773387600000,0.007373,0.00738,0.007373,0.00738,101941.0
PENGU,PENGU-USDC,PENGU,1m,1773387660000,0.00738,0.00738,0.007377,0.007377,5716.0
PENGU,PENGU-USDC,PENGU,1m,1773387720000,0.007377,0.007377,0.007377,0.007377,0.0
PENGU,PENGU-USDC,PENGU,1m,1773387780000,0.007385,0.007385,0.007382,0.007383,4949.0
PENGU,PENGU-USDC,PENGU,1m,1773387840000,0.007384,0.007384,0.007383,0.007383,8111.0
PENGU,PENGU-USDC,PENGU,1m,1773387900000,0.007383,0.007383,0.007383,0.007383,2125.0
PENGU,PENGU-USDC,PENGU,1m,1773387960000,0.007383,0.007383,0.007383,0.007383,0.0
PENGU,PENGU-USDC,PENGU,1m,1773388020000,0.007383,0.007383,0.007383,0.007383,0.0
PENGU,PENGU-USDC,PENGU,1m,1773388080000,0.007394,0.007394,0.007388,0.007388,6885.0
PENGU,PENGU-USDC,PENGU,1m,1773388140000,0.007388,0.007388,0.007388,0.007388,0.0
PENGU,PENGU-USDC,PENGU,1m,1773388200000,0.007393,0.007408,0.007393,0.007408,103019.0
PENGU,PENGU-USDC,PENGU,1m,1773388260000,0.007393,0.007394,0.007393,0.007394,4170.0
PENGU,PENGU-USDC,PENGU,1m,1773388320000,0.007393,0.007393,0.007393,0.007393,5846.0
PENGU,PENGU-USDC,PENGU,1m,1773388380000,0.007392,0.007394,0.007392,0.007394,7926.0
PENGU,PENGU-USDC,PENGU,1m,1773388440000,0.007397,0.007397,0.007392,0.007392,263769.0
PENGU,PENGU-USDC,PENGU,1m,1773388500000,0.007381,0.007381,0.007381,0.007381,1491.0
PENGU,PENGU-USDC,PENGU,1m,1773388560000,0.007388,0.007391,0.007388,0.007391,10324.0
PENGU,PENGU-USDC,PENGU,1m,1773388620000,0.007386,0.007389,0.007386,0.007389,4965.0
PENGU,PENGU-USDC,PENGU,1m,1773388680000,0.00739,0.007396,0.00739,0.007396,112444.0
PENGU,PENGU-USDC,PENGU,1m,1773388740000,0.007396,0.007396,0.007396,0.007396,0.0
PENGU,PENGU-USDC,PENGU,1m,1773388800000,0.00739,0.00739,0.007389,0.007389,260761.0
PENGU,PENGU-USDC,PENGU,1m,1773388860000,0.0074,0.0074,0.0074,0.0074,10858.0
PENGU,PENGU-USDC,PENGU,1m,1773388920000,0.007383,0.007383,0.007383,0.007383,6803.0
PENGU,PENGU-USDC,PENGU,1m,1773388980000,0.007377,0.007377,0.007377,0.007377,5900.0
PENGU,PENGU-USDC,PENGU,1m,1773389040000,0.007382,0.007382,0.007382,0.007382,2268.0
PENGU,PENGU-USDC,PENGU,1m,1773389100000,0.007384,0.007385,0.007384,0.007385,36898.0
PENGU,PENGU-USDC,PENGU,1m,1773389160000,0.007393,0.007393,0.007386,0.007386,241927.0
PENGU,PENGU-USDC,PENGU,1m,1773389220000,0.007386,0.007386,0.007386,0.007386,0.0
PENGU,PENGU-USDC,PENGU,1m,1773389280000,0.007391,0.007391,0.007389,0.007389,7737.0
PENGU,PENGU-USDC,PENGU,1m,1773389340000,0.007378,0.007378,0.007377,0.007377,90645.0
PENGU,PENGU-USDC,PENGU,1m,1773389400000,0.007373,0.007373,0.007373,0.007373,2051.0
PENGU,PENGU-USDC,PENGU,1m,1773389460000,0.00737,0.00737,0.00737,0.00737,1493.0
PENGU,PENGU-USDC,PENGU,1m,1773389520000,0.007361,0.007364,0.007361,0.007364,5115.0
PENGU,PENGU-USDC,PENGU,1m,1773389580000,0.007364,0.007364,0.007364,0.007364,0.0
PENGU,PENGU-USDC,PENGU,1m,1773389640000,0.00737,0.007378,0.00737,0.007378,159964.0
PENGU,PENGU-USDC,PENGU,1m,1773389700000,0.007381,0.007381,0.007381,0.007381,21482.0
PENGU,PENGU-USDC,PENGU,1m,1773389760000,0.007381,0.007384,0.007381,0.007384,4705.0
PENGU,PENGU-USDC,PENGU,1m,1773389820000,0.007383,0.007387,0.007383,0.007387,7269.0
PENGU,PENGU-USDC,PENGU,1m,1773389880000,0.007383,0.007401,0.007383,0.007401,549251.0
PENGU,PENGU-USDC,PENGU,1m,1773389940000,0.007402,0.007402,0.007402,0.007402,2639.0
PENGU,PENGU-USDC,PENGU,1m,1773390000000,0.007393,0.007393,0.007393,0.007393,2239.0
PENGU,PENGU-USDC,PENGU,1m,1773390060000,0.007393,0.007393,0.007393,0.007393,0.0
PENGU,PENGU-USDC,PENGU,1m,1773390120000,0.007401,0.007403,0.007399,0.007399,542105.0
PENGU,PENGU-USDC,PENGU,1m,1773390180000,0.007401,0.007414,0.007401,0.007414,253332.0
PENGU,PENGU-USDC,PENGU,1m,1773390240000,0.007401,0.007401,0.007401,0.007401,2282.0
PENGU,PENGU-USDC,PENGU,1m,1773390300000,0.007397,0.007397,0.007397,0.007397,2122.0
PENGU,PENGU-USDC,PENGU,1m,1773390360000,0.007398,0.007398,0.007398,0.007398,5097.0
PENGU,PENGU-USDC,PENGU,1m,1773390420000,0.007405,0.007405,0.007402,0.007402,4595.0
PENGU,PENGU-USDC,PENGU,1m,1773390480000,0.007402,0.007402,0.007402,0.007402,0.0
PENGU,PENGU-USDC,PENGU,1m,1773390540000,0.007407,0.007413,0.007407,0.007413,4339.0
PENGU,PENGU-USDC,PENGU,1m,1773390600000,0.007412,0.007433,0.007412,0.007433,6523.0
PENGU,PENGU-USDC,PENGU,1m,1773390660000,0.007436,0.007436,0.007436,0.007436,1480.0
PENGU,PENGU-USDC,PENGU,1m,1773390720000,0.007447,0.007458,0.007447,0.007458,99542.0
PENGU,PENGU-USDC,PENGU,1m,1773390780000,0.007462,0.007467,0.007458,0.007458,3394238.0
PENGU,PENGU-USDC,PENGU,1m,1773390840000,0.007469,0.00747,0.007469,0.00747,14859.0
PENGU,PENGU-USDC,PENGU,1m,1773390900000,0.007474,0.007497,0.007474,0.007486,1732734.0
PENGU,PENGU-USDC,PENGU,1m,1773390960000,0.007494,0.007502,0.007494,0.007502,2348421.0
PENGU,PENGU-USDC,PENGU,1m,1773391020000,0.00751,0.007527,0.007482,0.007482,372669.0
PENGU,PENGU-USDC,PENGU,1m,1773391080000,0.007482,0.007482,0.007468,0.007478,132299.0
PENGU,PENGU-USDC,PENGU,1m,1773391140000,0.007493,0.007502,0.007491,0.007502,112770.0
PENGU,PENGU-USDC,PENGU,1m,1773391200000,0.007503,0.007513,0.007503,0.007507,214337.0
PENGU,PENGU-USDC,PENGU,1m,1773391260000,0.007505,0.007505,0.007487,0.007498,516564.0
PENGU,PENGU-USDC,PENGU,1m,1773391320000,0.007493,0.007496,0.007483,0.007496,223569.0
PENGU,PENGU-USDC,PENGU,1m,1773391380000,0.007504,0.007513,0.007504,0.00751,50916.0
PENGU,PENGU-USDC,PENGU,1m,1773391440000,0.007509,0.007511,0.007507,0.007509,803293.0
PENGU,PENGU-USDC,PENGU,1m,1773391500000,0.007508,0.007508,0.007476,0.007479,3883164.0
PENGU,PENGU-USDC,PENGU,1m,1773391560000,0.00748,0.00748,0.007459,0.007459,1120651.0
PENGU,PENGU-USDC,PENGU,1m,1773391620000,0.007465,0.007465,0.007455,0.007455,23293.0
PENGU,PENGU-USDC,PENGU,1m,1773391680000,0.007456,0.007458,0.007456,0.007458,6794.0
PENGU,PENGU-USDC,PENGU,1m,1773391740000,0.007459,0.007464,0.007459,0.007464,68521.0
PENGU,PENGU-USDC,PENGU,1m,1773391800000,0.007473,0.007478,0.007473,0.007478,159683.0
PENGU,PENGU-USDC,PENGU,1m,1773391860000,0.007476,0.007476,0.007468,0.007468,931177.0
PENGU,PENGU-USDC,PENGU,1m,1773391920000,0.007466,0.007466,0.007463,0.007463,265424.0
PENGU,PENGU-USDC,PENGU,1m,1773391980000,0.007463,0.007463,0.007463,0.007463,0.0
PENGU,PENGU-USDC,PENGU,1m,1773392040000,0.007468,0.00747,0.007468,0.00747,118971.0
PENGU,PENGU-USDC,PENGU,1m,1773392100000,0.007475,0.007475,0.007475,0.007475,4316.0
PENGU,PENGU-USDC,PENGU,1m,1773392160000,0.007473,0.007473,0.007468,0.007468,300387.0
PENGU,PENGU-USDC,PENGU,1m,1773392220000,0.007463,0.007466,0.007461,0.007466,1341463.0
PENGU,PENGU-USDC,PENGU,1m,1773392280000,0.007463,0.007463,0.007462,0.007462,8019.0
PENGU,PENGU-USDC,PENGU,1m,1773392340000,0.00746,0.00746,0.00746,0.00746,46648.0
PENGU,PENGU-USDC,PENGU,1m,1773392400000,0.007459,0.00748,0.007459,0.007473,26576.0
PENGU,PENGU-USDC,PENGU,1m,1773392460000,0.007477,0.007484,0.007477,0.007484,366281.0
PENGU,PENGU-USDC,PENGU,1m,1773392520000,0.007491,0.007498,0.007491,0.007498,41590.0
PENGU,PENGU-USDC,PENGU,1m,1773392580000,0.007502,0.007505,0.007502,0.007502,8903.0
PENGU,PENGU-USDC,PENGU,1m,1773392640000,0.007486,0.007496,0.007486,0.007496,41161.0
PENGU,PENGU-USDC,PENGU,1m,1773392700000,0.007496,0.007496,0.007496,0.007496,0.0
PENGU,PENGU-USDC,PENGU,1m,1773392760000,0.007496,0.007496,0.007495,0.007495,4562.0
PENGU,PENGU-USDC,PENGU,1m,1773392820000,0.007497,0.007497,0.007497,0.007497,2436.0
PENGU,PENGU-USDC,PENGU,1m,1773392880000,0.007488,0.007488,0.007488,0.007488,4725.0
PENGU,PENGU-USDC,PENGU,1m,1773392940000,0.00749,0.007494,0.007488,0.007494,119107.0
PENGU,PENGU-USDC,PENGU,1m,1773393000000,0.007487,0.007487,0.007487,0.007487,5000.0
PENGU,PENGU-USDC,PENGU,1m,1773393060000,0.007484,0.007484,0.007484,0.007484,1469.0
PENGU,PENGU-USDC,PENGU,1m,1773393120000,0.007504,0.007504,0.007504,0.007504,5819.0
PENGU,PENGU-USDC,PENGU,1m,1773393180000,0.007491,0.007492,0.007489,0.007492,638536.0
PENGU,PENGU-USDC,PENGU,1m,1773393240000,0.007493,0.007493,0.007493,0.007493,1401.0
PENGU,PENGU-USDC,PENGU,1m,1773393300000,0.007498,0.007498,0.007498,0.007498,8539.0
PENGU,PENGU-USDC,PENGU,1m,1773393360000,0.00748,0.00748,0.007469,0.007473,169989.0
PENGU,PENGU-USDC,PENGU,1m,1773393420000,0.007467,0.007476,0.007467,0.007476,157364.0
PENGU,PENGU-USDC,PENGU,1m,1773393480000,0.007491,0.007491,0.007491,0.007491,1469.0
PENGU,PENGU-USDC,PENGU,1m,1773393540000,0.007502,0.007502,0.007502,0.007502,1467.0
PENGU,PENGU-USDC,PENGU,1m,1773393600000,0.007501,0.007501,0.007489,0.007489,8422.0
PENGU,PENGU-USDC,PENGU,1m,1773393660000,0.007488,0.007488,0.007487,0.007487,157754.0
PENGU,PENGU-USDC,PENGU,1m,1773393720000,0.00749,0.007492,0.007489,0.007492,139860.0
PENGU,PENGU-USDC,PENGU,1m,1773393780000,0.007507,0.007512,0.007507,0.007512,469850.0
PENGU,PENGU-USDC,PENGU,1m,1773393840000,0.007498,0.007498,0.007498,0.007498,3272.0
PENGU,PENGU-USDC,PENGU,1m,1773393900000,0.007502,0.007502,0.007497,0.007497,6845.0
PENGU,PENGU-USDC,PENGU,1m,1773393960000,0.007499,0.007502,0.007499,0.007502,10479.0
PENGU,PENGU-USDC,PENGU,1m,1773394020000,0.007512,0.007513,0.007512,0.007513,88851.0
PENGU,PENGU-USDC,PENGU,1m,1773394080000,0.007512,0.007524,0.007512,0.007524,6040.0
PENGU,PENGU-USDC,PENGU,1m,1773394140000,0.007521,0.007521,0.007512,0.007512,9860.0
PENGU,PENGU-USDC,PENGU,1m,1773394200000,0.007522,0.007522,0.007522,0.007522,2024.0
PENGU,PENGU-USDC,PENGU,1m,1773394260000,0.007518,0.007524,0.007518,0.007523,10411.0
PENGU,PENGU-USDC,PENGU,1m,1773394320000,0.00753,0.007541,0.00753,0.007541,109918.0
PENGU,PENGU-USDC,PENGU,1m,1773394380000,0.007533,0.007533,0.007533,0.007533,61283.0
PENGU,PENGU-USDC,PENGU,1m,1773394440000,0.007543,0.007543,0.007538,0.007538,362475.0
PENGU,PENGU-USDC,PENGU,1m,1773394500000,0.007546,0.00756,0.007546,0.00756,28731.0
PENGU,PENGU-USDC,PENGU,1m,1773394560000,0.007553,0.007553,0.007553,0.007553,2540.0
PENGU,PENGU-USDC,PENGU,1m,1773394620000,0.007545,0.007547,0.007545,0.007547,89930.0
PENGU,PENGU-USDC,PENGU,1m,1773394680000,0.007546,0.007546,0.007546,0.007546,2217.0
PENGU,PENGU-USDC,PENGU,1m,1773394740000,0.007542,0.007542,0.007542,0.007542,3523.0
PENGU,PENGU-USDC,PENGU,1m,1773394800000,0.007548,0.007548,0.007548,0.007548,2110.0
PENGU,PENGU-USDC,PENGU,1m,1773394860000,0.00756,0.007577,0.00756,0.007577,711368.0
PENGU,PENGU-USDC,PENGU,1m,1773394920000,0.007565,0.007565,0.007565,0.007565,2035.0
PENGU,PENGU-USDC,PENGU,1m,1773394980000,0.007559,0.007559,0.007559,0.007559,29222.0
PENGU,PENGU-USDC,PENGU,1m,1773395040000,0.007579,0.007593,0.007579,0.007589,62969.0
PENGU,PENGU-USDC,PENGU,1m,1773395100000,0.007587,0.007587,0.007587,0.007587,2213.0
PENGU,PENGU-USDC,PENGU,1m,1773395160000,0.007576,0.007577,0.007576,0.007577,396039.0
PENGU,PENGU-USDC,PENGU,1m,1773395220000,0.007589,0.007589,0.007589,0.007589,3121.0
PENGU,PENGU-USDC,PENGU,1m,1773395280000,0.007589,0.007589,0.007589,0.007589,0.0
PENGU,PENGU-USDC,PENGU,1m,1773395340000,0.007586,0.007587,0.007583,0.007587,299538.0
PENGU,PENGU-USDC,PENGU,1m,1773395400000,0.007578,0.007582,0.007578,0.007582,37130.0
PENGU,PENGU-USDC,PENGU,1m,1773395460000,0.007589,0.007593,0.007588,0.007593,146635.0
PENGU,PENGU-USDC,PENGU,1m,1773395520000,0.007595,0.007602,0.007595,0.007602,616384.0
PENGU,PENGU-USDC,PENGU,1m,1773395580000,0.007593,0.007612,0.007593,0.007612,30424.0
PENGU,PENGU-USDC,PENGU,1m,1773395640000,0.00762,0.00762,0.007611,0.007611,18997.0
PENGU,PENGU-USDC,PENGU,1m,1773395700000,0.007611,0.007611,0.007611,0.007611,0.0
PENGU,PENGU-USDC,PENGU,1m,1773395760000,0.007594,0.007598,0.007594,0.007597,137498.0
PENGU,PENGU-USDC,PENGU,1m,1773395820000,0.007605,0.00761,0.007605,0.007608,161548.0
PENGU,PENGU-USDC,PENGU,1m,1773395880000,0.00759,0.00759,0.00759,0.00759,1450.0
PENGU,PENGU-USDC,PENGU,1m,1773395940000,0.007602,0.007604,0.007599,0.007604,81870.0
PENGU,PENGU-USDC,PENGU,1m,1773396000000,0.007583,0.007596,0.007583,0.007596,31826.0
PENGU,PENGU-USDC,PENGU,1m,1773396060000,0.007592,0.007612,0.007592,0.007598,188979.0
PENGU,PENGU-USDC,PENGU,1m,1773396120000,0.0076,0.00763,0.0076,0.00763,938018.0
PENGU,PENGU-USDC,PENGU,1m,1773396180000,0.007634,0.00764,0.007609,0.007609,143829.0
PENGU,PENGU-USDC,PENGU,1m,1773396240000,0.00761,0.007627,0.00761,0.007627,25664.0
PENGU,PENGU-USDC,PENGU,1m,1773396300000,0.007623,0.007628,0.007622,0.007628,143810.0
PENGU,PENGU-USDC,PENGU,1m,1773396360000,0.007623,0.007623,0.007612,0.007615,32566.0
PENGU,PENGU-USDC,PENGU,1m,1773396420000,0.007615,0.007615,0.007615,0.007615,0.0
PENGU,PENGU-USDC,PENGU,1m,1773396480000,0.00761,0.007616,0.007607,0.007616,649795.0
PENGU,PENGU-USDC,PENGU,1m,1773396540000,0.007615,0.007618,0.007612,0.007612,173083.0
PENGU,PENGU-USDC,PENGU,1m,1773396600000,0.007613,0.007626,0.007613,0.007626,203943.0
PENGU,PENGU-USDC,PENGU,1m,1773396660000,0.007627,0.007632,0.007627,0.007632,91437.0
PENGU,PENGU-USDC,PENGU,1m,1773396720000,0.00763,0.007634,0.007623,0.007634,405705.0
PENGU,PENGU-USDC,PENGU,1m,1773396780000,0.007631,0.007631,0.007618,0.007618,271152.0
PENGU,PENGU-USDC,PENGU,1m,1773396840000,0.007626,0.007626,0.007625,0.007625,198578.0
PENGU,PENGU-USDC,PENGU,1m,1773396900000,0.007624,0.007645,0.007624,0.007644,9212102.0
PENGU,PENGU-USDC,PENGU,1m,1773396960000,0.007644,0.007644,0.007624,0.007624,6453884.0
PENGU,PENGU-USDC,PENGU,1m,1773397020000,0.007614,0.007623,0.007611,0.007623,509244.0
PENGU,PENGU-USDC,PENGU,1m,1773397080000,0.007632,0.00764,0.007632,0.007636,673300.0
PENGU,PENGU-USDC,PENGU,1m,1773397140000,0.007643,0.007646,0.007639,0.007639,230671.0
PENGU,PENGU-USDC,PENGU,1m,1773397200000,0.00765,0.00765,0.007628,0.007631,264677.0
PENGU,PENGU-USDC,PENGU,1m,1773397260000,0.007639,0.007639,0.007623,0.007623,308817.0
PENGU,PENGU-USDC,PENGU,1m,1773397320000,0.00762,0.007629,0.00762,0.007623,316429.0
PENGU,PENGU-USDC,PENGU,1m,1773397380000,0.00762,0.007621,0.007615,0.007619,974389.0
PENGU,PENGU-USDC,PENGU,1m,1773397440000,0.007632,0.007639,0.007632,0.007638,266988.0
PENGU,PENGU-USDC,PENGU,1m,1773397500000,0.007637,0.007638,0.007615,0.007615,361806.0
PENGU,PENGU-USDC,PENGU,1m,1773397560000,0.00763,0.007634,0.007628,0.007633,243063.0
PENGU,PENGU-USDC,PENGU,1m,1773397620000,0.007626,0.007627,0.007623,0.007623,217647.0
PENGU,PENGU-USDC,PENGU,1m,1773397680000,0.007628,0.007635,0.007628,0.007635,325734.0
PENGU,PENGU-USDC,PENGU,1m,1773397740000,0.007634,0.007635,0.007634,0.007635,499017.0
PENGU,PENGU-USDC,PENGU,1m,1773397800000,0.007639,0.00764,0.007627,0.00764,717640.0
PENGU,PENGU-USDC,PENGU,1m,1773397860000,0.007645,0.00765,0.007644,0.007647,313448.0
PENGU,PENGU-USDC,PENGU,1m,1773397920000,0.007644,0.007662,0.007643,0.007662,272960.0
PENGU,PENGU-USDC,PENGU,1m,1773397980000,0.007667,0.007684,0.007667,0.007684,3191199.0
PENGU,PENGU-USDC,PENGU,1m,1773398040000,0.007685,0.00769,0.007671,0.007671,214543.0
PENGU,PENGU-USDC,PENGU,1m,1773398100000,0.007681,0.007684,0.007679,0.007681,322182.0
PENGU,PENGU-USDC,PENGU,1m,1773398160000,0.007673,0.007675,0.007665,0.007675,261971.0
PENGU,PENGU-USDC,PENGU,1m,1773398220000,0.007678,0.007682,0.007673,0.007678,1230708.0
PENGU,PENGU-USDC,PENGU,1m,1773398280000,0.007674,0.007682,0.007671,0.00768,411260.0
PENGU,PENGU-USDC,PENGU,1m,1773398340000,0.007681,0.007682,0.00768,0.00768,285814.0
PENGU,PENGU-USDC,PENGU,1m,1773398400000,0.00768,0.00769,0.00768,0.00769,301633.0
PENGU,PENGU-USDC,PENGU,1m,1773398460000,0.007687,0.007692,0.007683,0.007692,244052.0
PENGU,PENGU-USDC,PENGU,1m,1773398520000,0.007684,0.007684,0.007684,0.007684,2257.0
PENGU,PENGU-USDC,PENGU,1m,1773398580000,0.007688,0.007688,0.007683,0.007683,4515.0
PENGU,PENGU-USDC,PENGU,1m,1773398640000,0.007684,0.007684,0.007684,0.007684,4515.0
PENGU,PENGU-USDC,PENGU,1m,1773398700000,0.007681,0.007684,0.007681,0.007684,107984.0
PENGU,PENGU-USDC,PENGU,1m,1773398760000,0.007673,0.007676,0.007667,0.007674,47502.0
PENGU,PENGU-USDC,PENGU,1m,1773398820000,0.007674,0.007685,0.007674,0.007682,213868.0
PENGU,PENGU-USDC,PENGU,1m,1773398880000,0.007686,0.007689,0.007684,0.007689,12318.0
PENGU,PENGU-USDC,PENGU,1m,1773398940000,0.007683,0.007683,0.007672,0.007672,4515.0
PENGU,PENGU-USDC,PENGU,1m,1773399000000,0.007667,0.00767,0.00766,0.00767,117705.0
PENGU,PENGU-USDC,PENGU,1m,1773399060000,0.007657,0.007657,0.007649,0.007649,5952.0
PENGU,PENGU-USDC,PENGU,1m,1773399120000,0.007647,0.007648,0.007634,0.007637,547788.0
PENGU,PENGU-USDC,PENGU,1m,1773399180000,0.007637,0.007642,0.007637,0.007638,64012.0
PENGU,PENGU-USDC,PENGU,1m,1773399240000,0.007642,0.007644,0.007642,0.007644,25502.0
PENGU,PENGU-USDC,PENGU,1m,1773399300000,0.007641,0.007641,0.007627,0.007632,7419363.0
PENGU,PENGU-USDC,PENGU,1m,1773399360000,0.007634,0.00764,0.007634,0.00764,388451.0
PENGU,PENGU-USDC,PENGU,1m,1773399420000,0.007656,0.007656,0.007655,0.007656,5952.0
PENGU,PENGU-USDC,PENGU,1m,1773399480000,0.007652,0.007654,0.007652,0.007654,319828.0
PENGU,PENGU-USDC,PENGU,1m,1773399540000,0.007653,0.007657,0.007653,0.007657,22689.0
PENGU,PENGU-USDC,PENGU,1m,1773399600000,0.007667,0.007667,0.007661,0.007664,5950.0
PENGU,PENGU-USDC,PENGU,1m,1773399660000,0.007667,0.007667,0.007667,0.007667,13707.0
PENGU,PENGU-USDC,PENGU,1m,1773399720000,0.007675,0.007686,0.007675,0.00768,79110.0
PENGU,PENGU-USDC,PENGU,1m,1773399780000,0.007681,0.0077,0.007681,0.007698,202626.0
PENGU,PENGU-USDC,PENGU,1m,1773399840000,0.007711,0.007721,0.007711,0.007721,684056.0
PENGU,PENGU-USDC,PENGU,1m,1773399900000,0.007714,0.007732,0.007714,0.007724,33967.0
PENGU,PENGU-USDC,PENGU,1m,1773399960000,0.007704,0.007718,0.007704,0.007718,4514.0
PENGU,PENGU-USDC,PENGU,1m,1773400020000,0.007716,0.007736,0.007716,0.007725,8614.0
PENGU,PENGU-USDC,PENGU,1m,1773400080000,0.007744,0.007752,0.007744,0.007747,355532.0
PENGU,PENGU-USDC,PENGU,1m,1773400140000,0.007746,0.00776,0.007746,0.007755,131033.0
PENGU,PENGU-USDC,PENGU,1m,1773400200000,0.007754,0.007764,0.00775,0.007759,281368.0
PENGU,PENGU-USDC,PENGU,1m,1773400260000,0.007742,0.007752,0.007742,0.007747,766507.0
PENGU,PENGU-USDC,PENGU,1m,1773400320000,0.007733,0.007742,0.007727,0.007742,5937.0
PENGU,PENGU-USDC,PENGU,1m,1773400380000,0.007723,0.007725,0.007701,0.007704,426337.0
PENGU,PENGU-USDC,PENGU,1m,1773400440000,0.007705,0.007717,0.007705,0.007717,34414.0
PENGU,PENGU-USDC,PENGU,1m,1773400500000,0.007721,0.007728,0.007716,0.007728,238251.0
PENGU,PENGU-USDC,PENGU,1m,1773400560000,0.00772,0.007744,0.00772,0.007744,212630.0
PENGU,PENGU-USDC,PENGU,1m,1773400620000,0.00773,0.007747,0.00773,0.007741,59488.0
PENGU,PENGU-USDC,PENGU,1m,1773400680000,0.007726,0.007735,0.007711,0.007711,1710244.0
PENGU,PENGU-USDC,PENGU,1m,1773400740000,0.007727,0.007733,0.007722,0.007733,42376.0
PENGU,PENGU-USDC,PENGU,1m,1773400800000,0.00773,0.00773,0.007723,0.007723,1190353.0
PENGU,PENGU-USDC,PENGU,1m,1773400860000,0.007723,0.007723,0.007707,0.007709,1548478.0
PENGU,PENGU-USDC,PENGU,1m,1773400920000,0.007708,0.007726,0.007708,0.007726,202634.0
PENGU,PENGU-USDC,PENGU,1m,1773400980000,0.007721,0.007721,0.007715,0.007719,139329.0
PENGU,PENGU-USDC,PENGU,1m,1773401040000,0.007722,0.007733,0.007722,0.007733,4515.0
PENGU,PENGU-USDC,PENGU,1m,1773401100000,0.007724,0.007761,0.007724,0.007761,1838647.0
PENGU,PENGU-USDC,PENGU,1m,1773401160000,0.007766,0.007788,0.007766,0.007775,1981893.0
PENGU,PENGU-USDC,PENGU,1m,1773401220000,0.00777,0.00777,0.007755,0.007755,180411.0
PENGU,PENGU-USDC,PENGU,1m,1773401280000,0.00775,0.00775,0.00774,0.007747,92354.0
PENGU,PENGU-USDC,PENGU,1m,1773401340000,0.007753,0.007753,0.007748,0.00775,70220.0
PENGU,PENGU-USDC,PENGU,1m,1773401400000,0.00775,0.007751,0.007733,0.007733,686877.0
PENGU,PENGU-USDC,PENGU,1m,1773401460000,0.007722,0.007722,0.007704,0.007708,1974936.0
PENGU,PENGU-USDC,PENGU,1m,1773401520000,0.007714,0.007718,0.007712,0.007718,1436347.0
PENGU,PENGU-USDC,PENGU,1m,1773401580000,0.007733,0.007744,0.007728,0.007744,175379.0
PENGU,PENGU-USDC,PENGU,1m,1773401640000,0.007734,0.007734,0.007734,0.007734,257591.0
PENGU,PENGU-USDC,PENGU,1m,1773401700000,0.007739,0.007739,0.007739,0.007739,2542.0
PENGU,PENGU-USDC,PENGU,1m,1773401760000,0.007751,0.007751,0.007747,0.007747,18974.0
PENGU,PENGU-USDC,PENGU,1m,1773401820000,0.007743,0.007755,0.007743,0.007755,3839.0
PENGU,PENGU-USDC,PENGU,1m,1773401880000,0.007749,0.007749,0.007749,0.007749,4146.0
PENGU,PENGU-USDC,PENGU,1m,1773401940000,0.007749,0.007749,0.007749,0.007749,0.0
PENGU,PENGU-USDC,PENGU,1m,1773402000000,0.007751,0.007751,0.007751,0.007751,2456.0
PENGU,PENGU-USDC,PENGU,1m,1773402060000,0.007766,0.007767,0.007766,0.007767,9803.0
PENGU,PENGU-USDC,PENGU,1m,1773402120000,0.007764,0.007764,0.007764,0.007764,2117.0
PENGU,PENGU-USDC,PENGU,1m,1773402180000,0.007774,0.007793,0.007774,0.007793,21615.0
PENGU,PENGU-USDC,PENGU,1m,1773402240000,0.007796,0.007797,0.007792,0.007792,184834.0
PENGU,PENGU-USDC,PENGU,1m,1773402300000,0.007799,0.007799,0.007773,0.007773,52783.0
PENGU,PENGU-USDC,PENGU,1m,1773402360000,0.007774,0.007774,0.007762,0.007762,96500.0
PENGU,PENGU-USDC,PENGU,1m,1773402420000,0.007755,0.007756,0.007744,0.007756,55760.0
PENGU,PENGU-USDC,PENGU,1m,1773402480000,0.007758,0.00777,0.007758,0.00777,57596.0
PENGU,PENGU-USDC,PENGU,1m,1773402540000,0.007777,0.007788,0.007777,0.007788,2828.0
PENGU,PENGU-USDC,PENGU,1m,1773402600000,0.00779,0.00779,0.00779,0.00779,2235.0
PENGU,PENGU-USDC,PENGU,1m,1773402660000,0.007777,0.007777,0.007771,0.007771,55452.0
PENGU,PENGU-USDC,PENGU,1m,1773402720000,0.007766,0.007767,0.007766,0.007767,9957.0
PENGU,PENGU-USDC,PENGU,1m,1773402780000,0.007771,0.007778,0.007771,0.007778,211211.0
PENGU,PENGU-USDC,PENGU,1m,1773402840000,0.007766,0.007771,0.007748,0.007748,553947.0
PENGU,PENGU-USDC,PENGU,1m,1773402900000,0.007752,0.007752,0.007743,0.007748,155004.0
PENGU,PENGU-USDC,PENGU,1m,1773402960000,0.007739,0.007742,0.007738,0.007742,341303.0
PENGU,PENGU-USDC,PENGU,1m,1773403020000,0.007733,0.007739,0.007733,0.007739,132209.0
PENGU,PENGU-USDC,PENGU,1m,1773403080000,0.007736,0.007748,0.007736,0.007748,504922.0
PENGU,PENGU-USDC,PENGU,1m,1773403140000,0.007746,0.007746,0.007746,0.007746,150000.0
PENGU,PENGU-USDC,PENGU,1m,1773403200000,0.007733,0.007736,0.007723,0.007724,215938.0
PENGU,PENGU-USDC,PENGU,1m,1773403260000,0.007723,0.007748,0.007722,0.007748,481981.0
PENGU,PENGU-USDC,PENGU,1m,1773403320000,0.007755,0.007764,0.007755,0.007761,239859.0
PENGU,PENGU-USDC,PENGU,1m,1773403380000,0.007756,0.007769,0.007753,0.007769,444828.0
PENGU,PENGU-USDC,PENGU,1m,1773403440000,0.007767,0.007777,0.007767,0.007777,212898.0
PENGU,PENGU-USDC,PENGU,1m,1773403500000,0.007762,0.007762,0.007749,0.007758,233537.0
PENGU,PENGU-USDC,PENGU,1m,1773403560000,0.007765,0.007765,0.007765,0.007765,28958.0
PENGU,PENGU-USDC,PENGU,1m,1773403620000,0.007751,0.007755,0.007751,0.007755,57209.0
PENGU,PENGU-USDC,PENGU,1m,1773403680000,0.007756,0.007756,0.007744,0.007751,86792.0
PENGU,PENGU-USDC,PENGU,1m,1773403740000,0.007753,0.007753,0.007733,0.007743,339438.0
PENGU,PENGU-USDC,PENGU,1m,1773403800000,0.007739,0.007739,0.007717,0.007718,1136258.0
PENGU,PENGU-USDC,PENGU,1m,1773403860000,0.007711,0.007711,0.007678,0.007678,443614.0
PENGU,PENGU-USDC,PENGU,1m,1773403920000,0.007679,0.007679,0.007677,0.007678,279199.0
PENGU,PENGU-USDC,PENGU,1m,1773403980000,0.007684,0.007691,0.007683,0.007691,145456.0
PENGU,PENGU-USDC,PENGU,1m,1773404040000,0.007692,0.007725,0.007691,0.007725,351931.0
PENGU,PENGU-USDC,PENGU,1m,1773404100000,0.007723,0.007724,0.007717,0.007717,129457.0
PENGU,PENGU-USDC,PENGU,1m,1773404160000,0.007722,0.007731,0.007722,0.007731,400915.0
PENGU,PENGU-USDC,PENGU,1m,1773404220000,0.007714,0.007714,0.0077,0.007704,277824.0
PENGU,PENGU-USDC,PENGU,1m,1773404280000,0.007706,0.007711,0.007702,0.007702,257225.0
PENGU,PENGU-USDC,PENGU,1m,1773404340000,0.007703,0.00771,0.007702,0.007709,428585.0
PENGU,PENGU-USDC,PENGU,1m,1773404400000,0.007709,0.007722,0.007708,0.007722,456248.0
PENGU,PENGU-USDC,PENGU,1m,1773404460000,0.007729,0.007734,0.007725,0.007729,291271.0
PENGU,PENGU-USDC,PENGU,1m,1773404520000,0.007744,0.00776,0.007744,0.007746,180190.0
